timestamp,source_ip,destination_ip,event_type,severity,severity_score
2025-10-25 19:56:55,102.119.183.180,10.11.137.9,login_success,low,1
2025-10-25 20:23:40,209.29.132.50,10.226.241.76,login_success,low,1
2025-10-25 20:37:03,202.50.53.22,10.141.219.122,login_success,low,1
2025-10-25 20:43:41,156.167.156.154,10.62.49.117,firewall_block,medium,2
2025-10-25 21:02:49,154.0.152.168,10.68.38.164,login_success,low,1
2025-10-25 21:41:12,100.148.48.201,10.202.68.10,login_success,low,1
2025-10-25 21:47:21,214.244.159.235,10.253.174.132,firewall_block,medium,2
2025-10-25 23:12:44,87.243.2.4,10.120.142.88,login_failure,medium,2
2025-10-25 23:25:57,122.19.99.10,10.162.196.200,login_success,low,1
2025-10-26 00:24:29,42.214.5.197,10.50.53.52,login_success,low,1
2025-10-26 03:07:38,154.0.152.168,10.133.202.241,login_success,low,1
2025-10-26 03:09:53,203.165.213.122,10.181.133.92,login_success,low,1
2025-10-26 04:21:00,87.243.2.4,10.174.184.147,login_success,low,1
2025-10-26 04:44:57,114.49.16.224,10.124.93.40,login_success,low,1
2025-10-26 04:51:39,195.110.53.224,10.228.2.142,login_success,low,1
2025-10-26 05:26:09,186.1.78.57,10.124.93.40,login_success,low,1
2025-10-26 05:35:08,186.1.78.57,10.181.133.92,login_success,low,1
2025-10-26 07:08:40,130.148.203.191,10.226.241.76,multiple_login_failures,medium,2
2025-10-26 07:22:50,95.165.250.174,10.141.219.122,login_success,low,1
2025-10-26 08:11:34,19.228.119.132,10.195.215.18,malware_detected,high,3
2025-10-26 09:00:29,138.83.236.165,10.53.249.232,login_success,low,1
2025-10-26 09:31:28,191.163.6.182,10.253.174.132,login_success,low,1
2025-10-26 10:37:03,151.159.68.195,10.181.133.92,login_success,low,1
2025-10-26 11:17:02,213.28.11.160,10.220.155.6,login_success,low,1
2025-10-26 12:22:31,110.69.4.138,10.143.10.83,login_success,low,1
2025-10-26 12:24:35,138.83.236.165,10.68.38.164,firewall_block,medium,2
2025-10-26 12:35:55,87.243.2.4,10.162.196.200,firewall_block,medium,2
2025-10-26 12:46:56,156.78.17.109,10.3.124.2,login_success,low,1
2025-10-26 13:00:17,54.236.185.117,10.171.161.17,login_failure,medium,2
2025-10-26 13:45:17,42.214.5.197,10.72.214.63,login_success,low,1
2025-10-26 14:32:07,114.85.67.255,10.240.203.216,login_success,low,1
2025-10-26 14:43:03,51.242.146.37,10.220.155.6,login_success,low,1
2025-10-26 14:55:24,194.83.80.107,10.48.3.242,login_success,low,1
2025-10-26 16:27:32,122.225.162.71,10.72.214.63,login_failure,medium,2
2025-10-26 16:30:48,149.112.90.30,10.228.2.142,login_success,low,1
2025-10-26 18:23:14,151.159.68.195,10.120.142.88,login_success,low,1
2025-10-26 20:24:24,87.243.2.4,10.143.10.83,login_success,low,1
2025-10-26 21:18:55,167.0.237.166,10.3.253.238,login_success,low,1
2025-10-26 21:58:30,14.140.185.41,10.68.38.164,login_success,low,1
2025-10-26 22:26:11,209.29.132.50,10.145.159.49,login_success,low,1
2025-10-26 23:54:51,222.228.114.57,10.3.124.2,login_success,low,1
2025-10-27 00:04:35,213.28.11.160,10.141.219.122,login_success,low,1
2025-10-27 01:02:04,154.191.31.190,10.133.9.57,login_success,low,1
2025-10-27 01:09:11,90.110.120.91,10.133.9.57,login_success,low,1
2025-10-27 02:38:02,218.202.92.82,10.11.137.9,login_success,low,1
2025-10-27 02:44:16,95.165.250.174,10.206.166.196,login_failure,medium,2
2025-10-27 04:56:30,92.51.21.250,10.174.184.147,login_success,low,1
2025-10-27 06:10:00,62.72.78.186,10.48.3.242,login_success,low,1
2025-10-27 06:41:25,4.32.217.17,10.68.38.164,login_failure,medium,2
2025-10-27 07:45:46,41.177.252.194,10.124.93.40,login_success,low,1
2025-10-27 09:16:16,110.69.4.138,10.174.184.147,login_failure,medium,2
2025-10-27 09:24:08,122.19.99.10,10.206.166.196,login_success,low,1
2025-10-27 12:06:14,197.187.42.190,10.77.251.173,login_failure,medium,2
2025-10-27 12:11:30,42.214.5.197,10.226.241.76,login_success,low,1
2025-10-27 12:43:15,110.69.4.138,10.228.2.142,login_success,low,1
2025-10-27 13:22:19,209.29.132.50,10.62.49.117,login_success,low,1
2025-10-27 13:46:11,209.29.132.50,10.168.165.223,login_success,low,1
2025-10-27 15:11:37,5.177.38.60,10.168.165.223,login_success,low,1
2025-10-27 16:03:40,202.136.230.29,10.133.9.57,login_success,low,1
2025-10-27 16:10:12,186.1.78.57,10.5.187.5,login_success,low,1
2025-10-27 17:34:10,31.204.17.2,10.63.139.140,login_success,low,1
2025-10-27 18:41:26,130.58.162.138,10.220.155.6,login_success,low,1
2025-10-27 20:49:37,186.225.62.181,10.222.12.40,login_success,low,1
2025-10-27 21:22:22,96.228.43.72,10.162.196.200,firewall_block,medium,2
2025-10-27 22:09:20,14.140.185.41,10.162.196.200,login_success,low,1
2025-10-27 22:47:59,42.214.5.197,10.53.249.232,login_success,low,1
2025-10-27 22:51:01,42.214.5.197,10.162.196.200,login_success,low,1
2025-10-27 23:30:04,203.165.213.122,10.8.13.200,login_success,low,1
2025-10-27 23:39:58,47.224.76.167,10.206.166.196,login_success,low,1
2025-10-27 23:50:16,12.2.152.215,10.73.27.76,login_success,low,1
2025-10-28 00:10:28,206.0.93.195,10.210.53.66,login_failure,medium,2
2025-10-28 01:41:55,54.142.194.28,10.8.13.200,login_success,low,1
2025-10-28 01:57:51,114.85.67.255,10.13.52.17,login_success,low,1
2025-10-28 01:59:05,195.110.53.224,10.72.214.63,malware_detected,high,3
2025-10-28 02:09:21,90.110.120.91,10.120.142.88,login_success,low,1
2025-10-28 02:23:08,48.46.214.188,10.238.155.252,login_success,low,1
2025-10-28 03:05:34,182.130.210.246,10.77.251.173,login_success,low,1
2025-10-28 04:20:27,4.32.217.17,10.152.10.4,login_success,low,1
2025-10-28 05:56:03,149.112.90.30,10.8.13.200,firewall_block,medium,2
2025-10-28 06:00:29,218.202.92.82,10.103.170.142,login_success,low,1
2025-10-28 06:06:41,156.78.17.109,10.152.10.4,multiple_login_failures,medium,2
2025-10-28 06:08:34,151.159.68.195,10.206.166.196,login_success,low,1
2025-10-28 06:44:50,167.0.237.166,10.50.53.52,login_success,low,1
2025-10-28 07:02:44,61.170.148.203,10.5.187.5,login_success,low,1
2025-10-28 09:17:10,154.0.152.168,10.115.202.49,login_failure,medium,2
2025-10-28 11:45:12,62.32.169.145,10.174.184.147,login_success,low,1
2025-10-28 12:46:10,41.177.252.194,10.220.155.6,login_failure,medium,2
2025-10-28 12:54:47,87.243.2.4,10.206.166.196,login_success,low,1
2025-10-28 13:41:31,154.0.152.168,10.5.187.5,login_success,low,1
2025-10-28 15:02:21,48.46.214.188,10.77.251.173,login_success,low,1
2025-10-28 16:42:38,85.252.1.61,10.174.184.147,login_success,low,1
2025-10-28 17:04:06,90.110.120.91,10.3.124.2,login_success,low,1
2025-10-28 17:19:21,154.0.152.168,10.240.203.216,login_success,low,1
2025-10-28 17:50:16,193.243.30.211,10.48.3.242,login_success,low,1
2025-10-28 18:06:34,214.244.159.235,10.129.173.96,login_success,low,1
2025-10-28 18:41:34,151.159.68.195,10.124.93.40,login_success,low,1
2025-10-28 19:06:40,90.110.120.91,10.48.3.242,login_success,low,1
2025-10-28 21:12:46,84.96.212.99,10.202.68.10,login_success,low,1
2025-10-28 22:00:26,182.130.210.246,10.129.173.96,login_success,low,1
2025-10-28 23:16:54,87.243.2.4,10.129.173.96,login_success,low,1
2025-10-29 00:00:31,62.216.140.132,10.3.253.238,login_failure,medium,2
2025-10-29 01:18:36,206.0.93.195,10.85.67.21,login_success,low,1
2025-10-29 05:48:02,209.29.132.50,10.48.3.242,login_success,low,1
2025-10-29 06:13:37,194.83.80.107,10.95.167.168,login_success,low,1
2025-10-29 06:14:36,48.39.2.130,10.240.203.216,login_success,low,1
2025-10-29 06:31:20,62.32.169.145,10.88.209.23,login_success,low,1
2025-10-29 06:35:58,67.31.58.218,10.238.155.252,login_success,low,1
2025-10-29 07:12:31,186.225.62.181,10.48.3.242,login_success,low,1
2025-10-29 07:29:48,122.225.162.71,10.62.49.117,login_failure,medium,2
2025-10-29 08:10:30,122.19.99.10,10.181.133.92,login_success,low,1
2025-10-29 08:26:19,154.0.152.168,10.133.9.57,login_success,low,1
2025-10-29 11:39:07,193.243.30.211,10.85.67.21,login_success,low,1
2025-10-29 13:58:20,30.2.166.186,10.95.167.168,firewall_block,medium,2
2025-10-29 14:55:25,167.0.237.166,10.13.52.17,login_success,low,1
2025-10-29 15:31:56,201.30.198.181,10.73.27.76,firewall_block,medium,2
2025-10-29 15:53:17,48.46.214.188,10.115.149.91,login_success,low,1
2025-10-29 15:56:18,12.2.152.215,10.77.251.173,firewall_block,medium,2
2025-10-29 16:02:42,209.29.132.50,10.120.142.88,login_success,low,1
2025-10-29 16:50:28,61.170.148.203,10.115.202.49,login_success,low,1
2025-10-29 17:11:26,90.110.120.91,10.168.165.223,login_success,low,1
2025-10-29 18:01:38,32.247.2.57,10.129.173.96,login_success,low,1
2025-10-29 18:19:36,17.44.63.195,10.13.52.17,multiple_login_failures,medium,2
2025-10-29 19:16:57,147.230.43.49,10.238.155.252,login_success,low,1
2025-10-29 20:23:09,182.130.210.246,10.174.184.147,login_success,low,1
2025-10-29 20:52:41,54.236.185.117,10.220.8.225,login_failure,medium,2
2025-10-29 21:39:56,156.78.17.109,10.152.10.4,firewall_block,medium,2
2025-10-29 21:49:51,54.236.185.117,10.222.12.40,login_success,low,1
2025-10-29 21:54:54,100.148.48.201,10.13.52.17,login_success,low,1
2025-10-29 22:17:23,179.97.236.62,10.72.214.63,login_success,low,1
2025-10-29 22:30:14,186.1.78.57,10.145.159.49,login_success,low,1
2025-10-29 22:40:15,193.243.30.211,10.11.137.9,login_success,low,1
2025-10-29 23:13:34,92.51.21.250,10.152.10.4,login_success,low,1
2025-10-29 23:18:48,118.119.46.119,10.13.52.17,malware_detected,high,3
2025-10-29 23:58:42,87.243.2.4,10.253.174.132,login_failure,medium,2
2025-10-30 00:48:44,194.83.80.107,10.202.68.10,login_success,low,1
2025-10-30 01:21:58,61.170.148.203,10.226.241.76,login_failure,medium,2
2025-10-30 01:29:39,207.54.46.221,10.11.137.9,login_success,low,1
2025-10-30 02:03:26,213.28.11.160,10.103.170.142,login_failure,medium,2
2025-10-30 02:07:20,222.228.114.57,10.202.68.10,firewall_block,medium,2
2025-10-30 02:37:12,193.243.30.211,10.171.161.17,login_success,low,1
2025-10-30 03:06:28,156.167.156.154,10.124.93.40,login_success,low,1
2025-10-30 03:11:37,222.228.114.57,10.103.170.142,login_success,low,1
2025-10-30 05:58:27,197.187.42.190,10.88.209.23,multiple_login_failures,medium,2
2025-10-30 07:23:19,19.228.119.132,10.171.161.17,login_success,low,1
2025-10-30 07:59:37,90.110.120.91,10.192.126.131,login_success,low,1
2025-10-30 08:34:51,95.165.250.174,10.50.53.52,login_success,low,1
2025-10-30 10:17:11,142.5.126.54,10.145.159.49,login_success,low,1
2025-10-30 12:19:44,85.252.1.61,10.73.27.76,login_success,low,1
2025-10-30 13:10:52,203.165.213.122,10.192.126.131,login_success,low,1
2025-10-30 13:19:28,87.243.2.4,10.162.196.200,login_success,low,1
2025-10-30 14:18:27,102.119.183.180,10.77.251.173,login_success,low,1
2025-10-30 14:34:03,219.198.141.245,10.171.161.17,login_failure,medium,2
2025-10-30 14:43:25,67.31.58.218,10.181.133.92,login_success,low,1
2025-10-30 14:49:53,154.0.152.168,10.195.215.18,login_success,low,1
2025-10-30 15:56:14,206.0.93.195,10.145.159.49,multiple_login_failures,medium,2
2025-10-30 16:12:35,208.72.15.147,10.72.214.63,login_success,low,1
2025-10-30 16:54:51,61.170.148.203,10.222.12.40,login_success,low,1
2025-10-30 16:57:26,202.50.53.22,10.8.13.200,firewall_block,medium,2
2025-10-30 17:41:41,222.228.114.57,10.181.133.92,login_success,low,1
2025-10-30 18:10:11,130.58.162.138,10.95.167.168,login_success,low,1
2025-10-30 18:56:23,197.187.42.190,10.120.142.88,firewall_block,medium,2
2025-10-30 19:01:58,209.29.132.50,10.129.173.96,login_success,low,1
2025-10-30 21:05:10,81.113.218.184,10.162.196.200,login_success,low,1
2025-10-30 23:08:55,4.32.217.17,10.68.38.164,login_failure,medium,2
2025-10-30 23:14:15,62.216.140.132,10.120.142.88,login_success,low,1
2025-10-30 23:34:20,138.83.236.165,10.13.52.17,login_success,low,1
2025-10-30 23:51:38,202.50.53.22,10.77.251.173,login_success,low,1
2025-10-31 00:33:29,206.0.93.195,10.88.209.23,login_success,low,1
2025-10-31 00:57:21,186.225.62.181,10.113.166.177,login_failure,medium,2
2025-10-31 02:01:12,5.177.38.60,10.113.166.177,login_success,low,1
2025-10-31 02:54:01,90.110.120.91,10.50.53.52,login_success,low,1
2025-10-31 04:34:54,182.130.210.246,10.162.196.200,login_success,low,1
2025-10-31 04:47:40,62.32.169.145,10.220.155.6,login_failure,medium,2
2025-10-31 07:23:12,62.32.169.145,10.202.68.10,login_success,low,1
2025-10-31 07:40:25,197.187.42.190,10.195.215.18,login_success,low,1
2025-10-31 08:52:50,37.126.199.17,10.210.53.66,login_success,low,1
2025-10-31 09:42:43,203.165.213.122,10.240.203.216,login_success,low,1
2025-10-31 11:45:51,48.46.214.188,10.162.196.200,login_success,low,1
2025-10-31 14:59:02,186.1.78.57,10.53.249.232,login_success,low,1
2025-10-31 17:45:07,85.252.1.61,10.73.27.76,login_success,low,1
2025-10-31 18:04:32,48.39.2.130,10.8.13.200,login_success,low,1
2025-10-31 18:19:50,219.198.141.245,10.120.142.88,firewall_block,medium,2
2025-10-31 18:25:12,24.174.57.49,10.222.12.40,login_success,low,1
2025-10-31 19:07:57,114.49.16.224,10.240.203.216,login_success,low,1
2025-10-31 20:11:34,26.175.220.135,10.95.167.168,login_success,low,1
2025-10-31 20:33:15,156.167.156.154,10.168.165.223,login_success,low,1
2025-10-31 21:36:01,147.230.43.49,10.53.249.232,login_success,low,1
2025-10-31 22:27:40,156.167.156.154,10.85.67.21,login_success,low,1
2025-11-01 00:05:09,62.72.78.186,10.192.126.131,login_success,low,1
2025-11-01 00:56:37,147.230.43.49,10.171.161.17,login_success,low,1
2025-11-01 01:06:58,114.49.16.224,10.220.8.225,login_success,low,1
2025-11-01 01:12:54,196.107.25.182,10.162.196.200,login_success,low,1
2025-11-01 01:36:24,202.179.55.144,10.202.68.10,ransomware_activity,critical,4
2025-11-01 03:13:04,203.165.213.122,10.115.202.49,login_success,low,1
2025-11-01 03:39:15,213.28.11.160,10.77.251.173,firewall_block,medium,2
2025-11-01 04:06:59,130.58.162.138,10.3.124.2,login_success,low,1
2025-11-01 06:57:16,48.46.214.188,10.143.10.83,login_success,low,1
2025-11-01 08:33:31,182.130.210.246,10.152.10.4,login_success,low,1
2025-11-01 09:28:34,48.39.2.130,10.133.9.57,multiple_login_failures,medium,2
2025-11-01 09:29:22,31.204.17.2,10.202.68.10,login_success,low,1
2025-11-01 10:08:50,149.112.90.30,10.220.155.6,firewall_block,medium,2
2025-11-01 11:53:32,110.69.4.138,10.152.10.4,login_success,low,1
2025-11-01 12:47:43,118.119.46.119,10.124.93.40,login_success,low,1
2025-11-01 14:06:31,196.107.25.182,10.129.173.96,login_success,low,1
2025-11-01 14:22:53,179.97.236.62,10.50.53.52,login_success,low,1
2025-11-01 15:29:26,12.2.152.215,10.202.68.10,login_success,low,1
2025-11-01 15:35:59,206.0.93.195,10.115.149.91,login_success,low,1
2025-11-01 16:12:32,218.202.92.82,10.220.155.6,login_success,low,1
2025-11-01 16:14:54,31.204.17.2,10.220.155.6,login_success,low,1
2025-11-01 17:13:08,213.28.11.160,10.115.202.49,login_success,low,1
2025-11-01 17:57:47,5.177.38.60,10.68.38.164,firewall_block,medium,2
2025-11-01 18:14:18,186.225.62.181,10.141.219.122,login_success,low,1
2025-11-01 18:26:03,218.202.92.82,10.50.53.52,login_success,low,1
2025-11-01 19:13:42,95.165.250.174,10.192.126.131,login_success,low,1
2025-11-01 20:25:51,167.0.237.166,10.145.159.49,firewall_block,medium,2
2025-11-01 20:48:09,54.236.185.117,10.77.251.173,login_success,low,1
2025-11-01 20:57:23,154.0.152.168,10.63.139.140,login_success,low,1
2025-11-01 21:42:40,201.30.198.181,10.95.167.168,login_success,low,1
2025-11-01 23:01:57,95.165.250.174,10.85.67.21,login_success,low,1
2025-11-02 00:18:54,37.126.199.17,10.63.139.140,login_success,low,1
2025-11-02 00:38:00,151.159.68.195,10.53.249.232,login_success,low,1
2025-11-02 00:48:31,202.179.55.144,10.253.174.132,login_success,low,1
2025-11-02 01:04:36,110.69.4.138,10.220.155.6,login_success,low,1
2025-11-02 02:45:19,193.243.30.211,10.174.184.147,login_success,low,1
2025-11-02 03:10:25,61.170.148.203,10.206.166.196,login_success,low,1
2025-11-02 03:48:42,51.242.146.37,10.88.209.23,login_success,low,1
2025-11-02 03:51:49,218.202.92.82,10.133.202.241,login_success,low,1
2025-11-02 05:00:17,196.107.25.182,10.220.8.225,firewall_block,medium,2
2025-11-02 05:14:22,96.228.43.72,10.95.167.168,login_success,low,1
2025-11-02 05:20:14,156.167.156.154,10.133.9.57,login_success,low,1
2025-11-02 05:20:25,202.50.53.22,10.5.187.5,login_success,low,1
2025-11-02 05:58:24,130.148.203.191,10.228.2.142,malware_detected,high,3
2025-11-02 06:23:59,62.72.78.186,10.53.249.232,login_success,low,1
2025-11-02 07:15:30,17.44.63.195,10.3.124.2,login_success,low,1
2025-11-02 07:24:11,41.177.252.194,10.62.49.117,login_success,low,1
2025-11-02 07:44:11,167.0.237.166,10.115.149.91,login_success,low,1
2025-11-02 08:37:43,154.191.31.190,10.71.130.27,login_success,low,1
2025-11-02 08:48:01,202.136.230.29,10.238.155.252,login_success,low,1
2025-11-02 09:15:40,118.119.46.119,10.133.202.241,login_success,low,1
2025-11-02 09:25:45,85.252.1.61,10.77.251.173,login_success,low,1
2025-11-02 10:54:23,81.113.218.184,10.11.137.9,login_success,low,1
2025-11-02 10:55:52,156.167.156.154,10.171.161.17,login_success,low,1
2025-11-02 11:24:55,201.30.198.181,10.3.124.2,login_success,low,1
2025-11-02 14:53:46,62.32.169.145,10.210.53.66,multiple_login_failures,medium,2
2025-11-02 15:07:17,106.78.192.214,10.8.13.200,login_success,low,1
2025-11-02 16:02:50,48.46.214.188,10.120.142.88,login_success,low,1
2025-11-02 17:31:10,84.96.212.99,10.13.52.17,login_success,low,1
2025-11-02 18:29:41,179.97.236.62,10.228.2.142,login_success,low,1
2025-11-02 18:43:13,167.0.237.166,10.133.202.241,login_success,low,1
2025-11-02 20:43:26,179.97.236.62,10.192.126.131,multiple_login_failures,medium,2
2025-11-02 22:29:24,95.165.250.174,10.162.196.200,login_success,low,1
2025-11-02 23:13:09,196.107.25.182,10.143.10.83,firewall_block,medium,2
2025-11-02 23:39:11,32.247.2.57,10.195.215.18,login_success,low,1
2025-11-03 00:37:44,51.242.146.37,10.202.68.10,login_success,low,1
2025-11-03 00:42:46,102.119.183.180,10.68.38.164,login_success,low,1
2025-11-03 02:50:49,151.159.68.195,10.192.126.131,login_success,low,1
2025-11-03 03:06:16,130.58.162.138,10.85.67.21,login_success,low,1
2025-11-03 03:22:11,32.247.2.57,10.238.155.252,login_success,low,1
2025-11-03 05:47:14,30.2.166.186,10.77.251.173,login_success,low,1
2025-11-03 06:56:51,151.159.68.195,10.3.253.238,login_success,low,1
2025-11-03 07:50:45,96.228.43.72,10.103.170.142,login_success,low,1
2025-11-03 11:18:34,87.243.2.4,10.11.137.9,login_success,low,1
2025-11-03 12:07:05,30.2.166.186,10.206.166.196,firewall_block,medium,2
2025-11-03 12:21:12,156.167.156.154,10.220.155.6,login_success,low,1
2025-11-03 13:40:23,84.96.212.99,10.73.27.76,firewall_block,medium,2
2025-11-03 13:53:36,147.230.43.49,10.50.53.52,firewall_block,medium,2
2025-11-03 14:49:38,203.165.213.122,10.77.251.173,login_success,low,1
2025-11-03 15:02:56,67.31.58.218,10.63.139.140,login_success,low,1
2025-11-03 15:27:18,47.224.76.167,10.253.174.132,login_success,low,1
2025-11-03 16:23:06,138.83.236.165,10.103.170.142,login_success,low,1
2025-11-03 17:10:41,100.148.48.201,10.220.8.225,firewall_block,medium,2
2025-11-03 17:41:46,222.228.114.57,10.220.8.225,login_success,low,1
2025-11-03 18:01:43,47.224.76.167,10.202.68.10,login_success,low,1
2025-11-03 19:25:05,179.97.236.62,10.11.137.9,login_success,low,1
2025-11-03 20:12:40,54.236.185.117,10.222.12.40,login_success,low,1
2025-11-03 20:22:49,102.119.183.180,10.85.67.21,login_success,low,1
2025-11-03 20:42:17,195.110.53.224,10.8.13.200,login_failure,medium,2
2025-11-03 22:08:33,202.179.55.144,10.222.12.40,login_success,low,1
2025-11-03 23:13:46,182.130.210.246,10.124.93.40,login_success,low,1
2025-11-03 23:57:07,209.29.132.50,10.202.68.10,login_success,low,1
2025-11-04 01:13:31,194.83.80.107,10.62.49.117,login_success,low,1
2025-11-04 02:48:43,167.0.237.166,10.115.149.91,login_success,low,1
2025-11-04 03:05:12,147.230.43.49,10.222.12.40,login_success,low,1
2025-11-04 03:49:58,142.5.126.54,10.228.2.142,login_success,low,1
2025-11-04 04:17:15,62.72.78.186,10.226.241.76,login_success,low,1
2025-11-04 04:27:53,222.228.114.57,10.62.49.117,login_success,low,1
2025-11-04 05:34:18,122.225.162.71,10.3.253.238,login_success,low,1
2025-11-04 06:14:38,167.0.237.166,10.228.2.142,login_success,low,1
2025-11-04 06:47:33,154.191.31.190,10.220.8.225,login_success,low,1
2025-11-04 06:56:24,122.225.162.71,10.72.214.63,firewall_block,medium,2
2025-11-04 06:56:35,222.228.114.57,10.72.214.63,login_success,low,1
2025-11-04 07:20:21,14.140.185.41,10.192.126.131,login_success,low,1
2025-11-04 08:09:23,54.236.185.117,10.63.139.140,login_success,low,1
2025-11-04 08:12:59,156.167.156.154,10.222.12.40,login_success,low,1
2025-11-04 08:36:00,149.112.90.30,10.181.133.92,login_success,low,1
2025-11-04 08:41:17,32.247.2.57,10.192.126.131,firewall_block,medium,2
2025-11-04 09:23:05,12.2.152.215,10.68.38.164,login_failure,medium,2
2025-11-04 09:38:30,156.227.35.146,10.120.142.88,login_success,low,1
2025-11-04 10:17:05,167.0.237.166,10.129.173.96,login_success,low,1
2025-11-04 10:26:59,186.225.62.181,10.152.10.4,login_success,low,1
2025-11-04 10:56:42,186.1.78.57,10.226.241.76,login_success,low,1
2025-11-04 11:30:21,62.216.140.132,10.162.196.200,login_success,low,1
2025-11-04 11:53:39,51.242.146.37,10.73.27.76,login_failure,medium,2
2025-11-04 12:31:38,149.112.90.30,10.162.196.200,login_success,low,1
2025-11-04 12:43:03,54.142.194.28,10.53.249.232,login_success,low,1
2025-11-04 12:54:05,85.252.1.61,10.77.251.173,login_success,low,1
2025-11-04 13:54:24,222.228.114.57,10.228.2.142,login_success,low,1
2025-11-04 14:52:41,32.247.2.57,10.253.174.132,login_success,low,1
2025-11-04 15:07:21,42.214.5.197,10.115.202.49,login_failure,medium,2
2025-11-04 17:15:08,149.112.90.30,10.3.253.238,login_success,low,1
2025-11-04 18:16:03,48.39.2.130,10.129.173.96,login_success,low,1
2025-11-04 18:36:46,85.252.1.61,10.253.174.132,login_success,low,1
2025-11-04 19:15:27,130.148.203.191,10.133.202.241,login_success,low,1
2025-11-04 19:43:13,167.0.237.166,10.238.155.252,login_success,low,1
2025-11-04 19:48:55,186.225.62.181,10.113.166.177,login_success,low,1
2025-11-04 19:53:16,206.84.172.249,10.168.165.223,login_success,low,1
2025-11-04 19:55:55,51.242.146.37,10.68.38.164,firewall_block,medium,2
2025-11-04 21:18:42,222.228.114.57,10.48.3.242,login_success,low,1
2025-11-04 21:26:00,62.72.78.186,10.210.53.66,login_success,low,1
2025-11-04 21:32:46,154.191.31.190,10.141.219.122,login_success,low,1
2025-11-05 00:36:01,209.29.132.50,10.228.2.142,login_success,low,1
2025-11-05 00:53:35,51.242.146.37,10.103.170.142,login_success,low,1
2025-11-05 02:07:59,197.187.42.190,10.13.52.17,login_success,low,1
2025-11-05 02:21:53,106.78.192.214,10.48.3.242,login_success,low,1
2025-11-05 02:53:21,31.204.17.2,10.53.249.232,login_success,low,1
2025-11-05 05:56:23,179.97.236.62,10.5.187.5,multiple_login_failures,medium,2
2025-11-05 06:59:00,209.29.132.50,10.115.149.91,login_failure,medium,2
2025-11-05 07:09:05,81.113.218.184,10.152.10.4,firewall_block,medium,2
2025-11-05 07:26:15,19.228.119.132,10.85.67.21,login_failure,medium,2
2025-11-05 08:33:10,195.110.53.224,10.133.9.57,login_success,low,1
2025-11-05 09:06:43,47.224.76.167,10.174.184.147,login_failure,medium,2
2025-11-05 09:08:24,202.50.53.22,10.115.202.49,login_success,low,1
2025-11-05 10:54:47,201.30.198.181,10.206.166.196,firewall_block,medium,2
2025-11-05 10:58:01,202.179.55.144,10.50.53.52,login_success,low,1
2025-11-05 11:08:53,156.78.17.109,10.68.38.164,login_success,low,1
2025-11-05 12:30:54,193.243.30.211,10.220.8.225,login_success,low,1
2025-11-05 12:39:11,95.165.250.174,10.222.12.40,login_success,low,1
2025-11-05 13:16:36,41.177.252.194,10.68.38.164,login_success,low,1
2025-11-05 13:21:45,90.110.120.91,10.141.219.122,login_success,low,1
2025-11-05 13:22:15,130.58.162.138,10.3.253.238,login_success,low,1
2025-11-05 13:45:01,4.32.217.17,10.13.52.17,login_success,low,1
2025-11-05 14:42:49,114.49.16.224,10.53.249.232,login_success,low,1
2025-11-05 15:41:59,96.228.43.72,10.3.253.238,malware_detected,high,3
2025-11-05 15:56:47,17.44.63.195,10.103.170.142,login_success,low,1
2025-11-05 15:59:03,219.198.141.245,10.129.173.96,login_success,low,1
2025-11-05 16:38:04,37.126.199.17,10.50.53.52,login_success,low,1
2025-11-05 16:58:38,122.225.162.71,10.48.3.242,login_success,low,1
2025-11-05 17:24:31,67.31.58.218,10.220.155.6,login_success,low,1
2025-11-05 18:11:35,201.30.198.181,10.143.10.83,multiple_login_failures,medium,2
2025-11-05 18:34:43,193.243.30.211,10.53.249.232,login_success,low,1
2025-11-05 18:53:47,92.51.21.250,10.228.2.142,multiple_login_failures,medium,2
2025-11-05 20:51:40,167.0.237.166,10.77.251.173,login_failure,medium,2
2025-11-05 21:10:17,17.44.63.195,10.226.241.76,login_success,low,1
2025-11-05 21:33:14,202.179.55.144,10.152.10.4,login_success,low,1
2025-11-05 22:09:03,110.69.4.138,10.53.249.232,login_success,low,1
2025-11-05 22:56:28,92.51.21.250,10.124.93.40,login_success,low,1
2025-11-05 23:21:33,87.243.2.4,10.174.184.147,firewall_block,medium,2
2025-11-05 23:24:40,195.110.53.224,10.162.196.200,login_success,low,1
2025-11-06 02:11:09,154.191.31.190,10.141.219.122,login_success,low,1
2025-11-06 02:14:19,4.32.217.17,10.210.53.66,login_success,low,1
2025-11-06 02:57:17,186.1.78.57,10.120.142.88,login_success,low,1
2025-11-06 04:15:33,202.50.53.22,10.238.155.252,login_success,low,1
2025-11-06 05:41:56,213.28.11.160,10.181.133.92,login_success,low,1
2025-11-06 09:23:49,85.252.1.61,10.120.142.88,firewall_block,medium,2
2025-11-06 10:44:44,195.110.53.224,10.115.149.91,login_success,low,1
2025-11-06 11:29:56,147.230.43.49,10.50.53.52,login_success,low,1
2025-11-06 11:31:30,54.236.185.117,10.133.9.57,login_success,low,1
2025-11-06 12:33:19,195.110.53.224,10.222.12.40,privilege_escalation,high,3
2025-11-06 12:46:41,118.119.46.119,10.192.126.131,login_success,low,1
2025-11-06 15:21:41,222.228.114.57,10.13.52.17,login_success,low,1
2025-11-06 15:41:21,209.29.132.50,10.174.184.147,ransomware_activity,critical,4
2025-11-06 17:04:47,214.244.159.235,10.48.3.242,login_failure,medium,2
2025-11-06 17:27:33,186.225.62.181,10.133.202.241,login_success,low,1
2025-11-06 18:42:32,138.83.236.165,10.85.67.21,login_success,low,1
2025-11-06 20:05:35,4.32.217.17,10.141.219.122,login_success,low,1
2025-11-06 20:09:05,156.227.35.146,10.145.159.49,login_success,low,1
2025-11-06 20:40:31,207.54.46.221,10.85.67.21,login_success,low,1
2025-11-06 20:53:12,167.0.237.166,10.202.68.10,login_success,low,1
2025-11-06 21:59:34,156.167.156.154,10.171.161.17,login_success,low,1
2025-11-06 23:06:05,186.225.62.181,10.13.52.17,login_success,low,1
2025-11-07 00:15:07,51.242.146.37,10.72.214.63,login_success,low,1
2025-11-07 01:45:39,90.110.120.91,10.53.249.232,login_success,low,1
2025-11-07 02:13:39,61.170.148.203,10.3.253.238,privilege_escalation,high,3
2025-11-07 03:30:45,92.51.21.250,10.85.67.21,login_success,low,1
2025-11-07 03:40:34,102.119.183.180,10.115.202.49,login_success,low,1
2025-11-07 03:54:34,182.130.210.246,10.88.209.23,login_success,low,1
2025-11-07 05:07:39,90.110.120.91,10.222.12.40,login_success,low,1
2025-11-07 06:59:24,209.29.132.50,10.120.142.88,multiple_login_failures,medium,2
2025-11-07 08:09:27,207.54.46.221,10.11.137.9,login_success,low,1
2025-11-07 08:20:37,203.165.213.122,10.68.38.164,firewall_block,medium,2
2025-11-07 09:34:56,67.31.58.218,10.120.142.88,login_success,low,1
2025-11-07 10:17:15,213.28.11.160,10.143.10.83,login_success,low,1
2025-11-07 12:34:20,17.44.63.195,10.240.203.216,login_failure,medium,2
2025-11-07 13:35:59,193.243.30.211,10.3.253.238,login_success,low,1
2025-11-07 13:54:42,154.191.31.190,10.68.38.164,ransomware_activity,critical,4
2025-11-07 14:34:06,167.0.237.166,10.202.68.10,login_success,low,1
2025-11-07 15:27:26,196.107.25.182,10.62.49.117,login_success,low,1
2025-11-07 15:49:54,106.78.192.214,10.13.52.17,login_success,low,1
2025-11-07 15:59:00,114.49.16.224,10.238.155.252,login_success,low,1
2025-11-07 16:05:54,130.148.203.191,10.11.137.9,login_success,low,1
2025-11-07 17:38:40,154.191.31.190,10.11.137.9,login_success,low,1
2025-11-07 18:16:17,5.177.38.60,10.195.215.18,login_success,low,1
2025-11-07 18:51:25,26.175.220.135,10.124.93.40,login_success,low,1
2025-11-07 19:54:20,5.177.38.60,10.174.184.147,login_success,low,1
2025-11-07 20:30:20,209.29.132.50,10.129.173.96,login_success,low,1
2025-11-07 23:10:08,84.96.212.99,10.162.196.200,login_success,low,1
2025-11-08 00:11:41,54.142.194.28,10.48.3.242,firewall_block,medium,2
2025-11-08 03:51:02,48.46.214.188,10.77.251.173,login_success,low,1
2025-11-08 03:52:51,122.19.99.10,10.3.124.2,login_success,low,1
2025-11-08 04:17:54,24.174.57.49,10.240.203.216,login_success,low,1
2025-11-08 05:19:59,102.119.183.180,10.72.214.63,multiple_login_failures,medium,2
2025-11-08 06:45:45,67.31.58.218,10.8.13.200,login_success,low,1
2025-11-08 06:47:33,31.204.17.2,10.210.53.66,login_failure,medium,2
2025-11-08 07:49:56,95.165.250.174,10.168.165.223,login_success,low,1
2025-11-08 07:51:03,156.78.17.109,10.124.93.40,login_success,low,1
2025-11-08 10:05:05,222.228.114.57,10.181.133.92,login_success,low,1
2025-11-08 10:20:40,156.78.17.109,10.68.38.164,login_success,low,1
2025-11-08 10:54:41,197.187.42.190,10.115.202.49,firewall_block,medium,2
2025-11-08 10:56:08,4.32.217.17,10.222.12.40,login_success,low,1
2025-11-08 11:48:46,12.2.152.215,10.8.13.200,login_failure,medium,2
2025-11-08 11:51:48,182.130.210.246,10.50.53.52,login_failure,medium,2
2025-11-08 12:51:12,12.2.152.215,10.141.219.122,login_success,low,1
2025-11-08 13:06:37,19.228.119.132,10.13.52.17,login_success,low,1
2025-11-08 14:15:15,114.49.16.224,10.238.155.252,login_success,low,1
2025-11-08 15:07:51,54.236.185.117,10.71.130.27,login_failure,medium,2
2025-11-08 15:20:39,156.227.35.146,10.63.139.140,login_success,low,1
2025-11-08 15:54:24,102.119.183.180,10.143.10.83,login_success,low,1
2025-11-08 17:12:47,102.119.183.180,10.120.142.88,login_success,low,1
2025-11-08 17:40:25,12.2.152.215,10.238.155.252,privilege_escalation,high,3
2025-11-08 17:44:53,26.175.220.135,10.228.2.142,login_success,low,1
2025-11-08 18:07:20,202.179.55.144,10.85.67.21,login_success,low,1
2025-11-08 18:34:50,87.243.2.4,10.143.10.83,login_success,low,1
2025-11-08 20:17:29,202.179.55.144,10.113.166.177,ransomware_activity,critical,4
2025-11-08 20:52:54,62.32.169.145,10.48.3.242,login_success,low,1
2025-11-08 21:12:05,154.0.152.168,10.72.214.63,login_failure,medium,2
2025-11-08 21:23:08,209.29.132.50,10.124.93.40,login_success,low,1
2025-11-08 23:58:08,114.49.16.224,10.228.2.142,login_failure,medium,2
2025-11-09 00:15:43,156.167.156.154,10.145.159.49,login_success,low,1
2025-11-09 00:24:19,96.228.43.72,10.62.49.117,login_success,low,1
2025-11-09 00:26:55,186.1.78.57,10.220.8.225,login_success,low,1
2025-11-09 00:35:38,51.242.146.37,10.73.27.76,login_success,low,1
2025-11-09 02:27:08,54.142.194.28,10.240.203.216,login_success,low,1
2025-11-09 02:45:58,156.227.35.146,10.174.184.147,login_failure,medium,2
2025-11-09 03:14:45,81.113.218.184,10.152.10.4,login_success,low,1
2025-11-09 03:31:46,196.107.25.182,10.181.133.92,login_success,low,1
2025-11-09 03:50:54,32.247.2.57,10.141.219.122,login_failure,medium,2
2025-11-09 04:20:31,90.110.120.91,10.129.173.96,login_success,low,1
2025-11-09 04:43:04,41.177.252.194,10.53.249.232,firewall_block,medium,2
2025-11-09 05:10:08,213.28.11.160,10.115.202.49,login_success,low,1
2025-11-09 05:26:38,202.50.53.22,10.192.126.131,firewall_block,medium,2
2025-11-09 05:54:50,206.0.93.195,10.195.215.18,login_success,low,1
2025-11-09 05:58:58,122.19.99.10,10.171.161.17,login_success,low,1
2025-11-09 06:27:00,19.228.119.132,10.202.68.10,login_failure,medium,2
2025-11-09 07:20:24,218.202.92.82,10.240.203.216,multiple_login_failures,medium,2
2025-11-09 08:02:06,96.228.43.72,10.222.12.40,login_success,low,1
2025-11-09 09:58:54,197.187.42.190,10.195.215.18,login_success,low,1
2025-11-09 11:11:53,167.0.237.166,10.95.167.168,ransomware_activity,critical,4
2025-11-09 11:31:34,14.140.185.41,10.85.67.21,login_success,low,1
2025-11-09 11:40:02,122.19.99.10,10.85.67.21,login_success,low,1
2025-11-09 11:54:56,95.165.250.174,10.120.142.88,login_success,low,1
2025-11-09 12:03:19,85.252.1.61,10.115.202.49,login_success,low,1
2025-11-09 13:07:50,142.5.126.54,10.143.10.83,login_success,low,1
2025-11-09 13:46:51,54.142.194.28,10.181.133.92,firewall_block,medium,2
2025-11-09 14:09:40,214.244.159.235,10.103.170.142,login_success,low,1
2025-11-09 15:08:17,30.2.166.186,10.50.53.52,login_failure,medium,2
2025-11-09 16:48:28,207.54.46.221,10.73.27.76,privilege_escalation,high,3
2025-11-09 16:51:12,61.170.148.203,10.88.209.23,login_success,low,1
2025-11-09 16:58:54,41.177.252.194,10.85.67.21,login_success,low,1
2025-11-09 17:26:08,154.191.31.190,10.181.133.92,login_success,low,1
2025-11-09 17:52:41,24.174.57.49,10.133.9.57,login_success,low,1
2025-11-09 19:35:22,154.191.31.190,10.3.124.2,login_success,low,1
2025-11-09 20:04:46,106.78.192.214,10.115.202.49,login_success,low,1
2025-11-09 20:12:48,17.44.63.195,10.72.214.63,login_success,low,1
2025-11-09 20:32:36,41.177.252.194,10.77.251.173,login_success,low,1
2025-11-09 20:54:31,191.163.6.182,10.202.68.10,login_success,low,1
2025-11-09 21:39:33,195.110.53.224,10.195.215.18,login_success,low,1
2025-11-09 22:22:07,67.31.58.218,10.174.184.147,login_success,low,1
2025-11-09 22:39:23,42.214.5.197,10.88.209.23,ransomware_activity,critical,4
2025-11-09 23:36:31,191.163.6.182,10.143.10.83,login_success,low,1
2025-11-10 00:18:46,191.163.6.182,10.226.241.76,login_failure,medium,2
2025-11-10 01:29:23,42.214.5.197,10.143.10.83,firewall_block,medium,2
2025-11-10 02:49:20,191.163.6.182,10.168.165.223,login_success,low,1
2025-11-10 02:57:46,202.179.55.144,10.253.174.132,login_failure,medium,2
2025-11-10 03:05:23,206.0.93.195,10.195.215.18,login_success,low,1
2025-11-10 03:47:09,14.140.185.41,10.202.68.10,login_success,low,1
2025-11-10 04:14:16,202.50.53.22,10.115.202.49,login_success,low,1
2025-11-10 05:27:37,61.170.148.203,10.171.161.17,login_success,low,1
2025-11-10 06:33:52,87.243.2.4,10.13.52.17,login_success,low,1
2025-11-10 07:24:32,130.58.162.138,10.206.166.196,login_success,low,1
2025-11-10 07:26:12,19.228.119.132,10.124.93.40,login_success,low,1
2025-11-10 10:04:28,32.247.2.57,10.226.241.76,login_success,low,1
2025-11-10 10:41:10,90.110.120.91,10.143.10.83,login_success,low,1
2025-11-10 11:00:09,208.72.15.147,10.62.49.117,firewall_block,medium,2
2025-11-10 11:42:25,17.44.63.195,10.168.165.223,login_success,low,1
2025-11-10 12:55:42,54.142.194.28,10.253.174.132,login_success,low,1
2025-11-10 14:35:53,154.191.31.190,10.115.149.91,login_success,low,1
2025-11-10 15:16:25,154.191.31.190,10.120.142.88,login_success,low,1
2025-11-10 15:20:11,196.107.25.182,10.162.196.200,login_success,low,1
2025-11-10 16:11:22,47.224.76.167,10.50.53.52,login_success,low,1
2025-11-10 16:50:45,61.170.148.203,10.141.219.122,firewall_block,medium,2
2025-11-10 17:13:18,12.2.152.215,10.145.159.49,login_success,low,1
2025-11-10 17:19:24,5.177.38.60,10.3.124.2,login_success,low,1
2025-11-10 17:32:33,41.177.252.194,10.11.137.9,login_success,low,1
2025-11-10 17:44:58,118.119.46.119,10.133.9.57,login_success,low,1
2025-11-10 18:01:30,202.50.53.22,10.206.166.196,firewall_block,medium,2
2025-11-10 18:26:15,5.177.38.60,10.72.214.63,login_success,low,1
2025-11-10 19:28:19,193.243.30.211,10.3.253.238,login_success,low,1
2025-11-10 21:17:35,114.49.16.224,10.5.187.5,login_success,low,1
2025-11-10 21:17:43,96.228.43.72,10.48.3.242,login_success,low,1
2025-11-10 21:33:40,156.167.156.154,10.133.9.57,ransomware_activity,critical,4
2025-11-10 21:41:15,47.224.76.167,10.133.9.57,login_success,low,1
2025-11-10 22:47:39,167.0.237.166,10.71.130.27,login_failure,medium,2
2025-11-10 23:15:11,202.50.53.22,10.113.166.177,login_success,low,1
2025-11-11 00:15:08,118.119.46.119,10.192.126.131,login_success,low,1
2025-11-11 01:55:55,102.119.183.180,10.202.68.10,login_failure,medium,2
2025-11-11 02:02:37,167.0.237.166,10.5.187.5,login_success,low,1
2025-11-11 02:59:08,95.165.250.174,10.240.203.216,login_success,low,1
2025-11-11 03:03:54,90.110.120.91,10.113.166.177,login_failure,medium,2
2025-11-11 03:29:00,96.228.43.72,10.85.67.21,login_success,low,1
2025-11-11 03:51:29,26.175.220.135,10.129.173.96,login_success,low,1
2025-11-11 06:57:40,197.187.42.190,10.168.165.223,login_success,low,1
2025-11-11 07:37:36,122.225.162.71,10.5.187.5,multiple_login_failures,medium,2
2025-11-11 08:19:10,96.228.43.72,10.226.241.76,login_success,low,1
2025-11-11 09:18:11,51.242.146.37,10.228.2.142,login_failure,medium,2
2025-11-11 09:25:41,206.84.172.249,10.103.170.142,login_success,low,1
2025-11-11 09:26:16,208.72.15.147,10.210.53.66,login_success,low,1
2025-11-11 10:10:10,122.19.99.10,10.124.93.40,login_success,low,1
2025-11-11 10:13:54,61.170.148.203,10.72.214.63,login_success,low,1
2025-11-11 10:22:19,122.19.99.10,10.133.9.57,login_success,low,1
2025-11-11 11:33:19,138.83.236.165,10.88.209.23,login_success,low,1
2025-11-11 11:37:15,222.228.114.57,10.73.27.76,login_success,low,1
2025-11-11 12:28:18,218.202.92.82,10.133.202.241,login_failure,medium,2
2025-11-11 12:38:16,106.78.192.214,10.152.10.4,login_success,low,1
2025-11-11 13:53:45,19.228.119.132,10.71.130.27,login_success,low,1
2025-11-11 15:57:35,138.83.236.165,10.152.10.4,login_success,low,1
2025-11-11 16:09:47,209.29.132.50,10.3.124.2,login_success,low,1
2025-11-11 16:14:52,118.119.46.119,10.5.187.5,login_success,low,1
2025-11-11 17:44:06,130.58.162.138,10.133.202.241,login_success,low,1
2025-11-11 17:58:17,62.72.78.186,10.103.170.142,multiple_login_failures,medium,2
2025-11-11 18:43:48,84.96.212.99,10.133.202.241,login_success,low,1
2025-11-11 19:26:20,182.130.210.246,10.192.126.131,login_success,low,1
2025-11-11 19:28:00,19.228.119.132,10.48.3.242,login_success,low,1
2025-11-11 19:34:03,42.214.5.197,10.48.3.242,login_success,low,1
2025-11-11 19:57:15,30.2.166.186,10.120.142.88,login_success,low,1
2025-11-11 20:35:35,147.230.43.49,10.63.139.140,login_success,low,1
2025-11-11 22:12:32,41.177.252.194,10.133.9.57,login_success,low,1
2025-11-11 22:26:54,5.177.38.60,10.238.155.252,login_failure,medium,2
2025-11-11 23:21:30,17.44.63.195,10.145.159.49,login_success,low,1
2025-11-11 23:28:33,84.96.212.99,10.73.27.76,login_success,low,1
2025-11-11 23:55:33,151.159.68.195,10.141.219.122,login_success,low,1
2025-11-12 00:03:46,48.46.214.188,10.133.9.57,login_success,low,1
2025-11-12 00:17:18,14.140.185.41,10.228.2.142,login_failure,medium,2
2025-11-12 00:45:35,167.0.237.166,10.68.38.164,login_success,low,1
2025-11-12 03:52:20,100.148.48.201,10.120.142.88,login_success,low,1
2025-11-12 04:38:29,62.32.169.145,10.222.12.40,login_success,low,1
2025-11-12 04:42:09,142.5.126.54,10.124.93.40,login_success,low,1
2025-11-12 05:42:50,156.78.17.109,10.11.137.9,login_success,low,1
2025-11-12 05:56:46,17.44.63.195,10.220.8.225,login_success,low,1
2025-11-12 06:03:28,203.165.213.122,10.220.8.225,login_success,low,1
2025-11-12 06:24:56,182.130.210.246,10.85.67.21,login_success,low,1
2025-11-12 07:02:17,197.187.42.190,10.152.10.4,login_success,low,1
2025-11-12 07:46:22,54.236.185.117,10.5.187.5,login_success,low,1
2025-11-12 08:40:25,208.72.15.147,10.95.167.168,login_success,low,1
2025-11-12 08:51:47,206.0.93.195,10.240.203.216,login_success,low,1
2025-11-12 08:54:32,219.198.141.245,10.171.161.17,login_success,low,1
2025-11-12 09:04:44,154.0.152.168,10.162.196.200,login_success,low,1
2025-11-12 09:57:23,156.167.156.154,10.71.130.27,login_success,low,1
2025-11-12 10:20:23,14.140.185.41,10.8.13.200,ransomware_activity,critical,4
2025-11-12 11:35:29,122.225.162.71,10.95.167.168,login_success,low,1
2025-11-12 12:38:18,202.50.53.22,10.71.130.27,firewall_block,medium,2
2025-11-12 13:14:56,92.51.21.250,10.5.187.5,login_success,low,1
2025-11-12 13:24:44,85.252.1.61,10.71.130.27,login_success,low,1
2025-11-12 13:26:19,17.44.63.195,10.240.203.216,login_success,low,1
2025-11-12 13:31:04,197.187.42.190,10.210.53.66,login_success,low,1
2025-11-12 13:34:02,31.204.17.2,10.143.10.83,login_success,low,1
2025-11-12 13:58:36,96.228.43.72,10.95.167.168,firewall_block,medium,2
2025-11-12 17:51:33,218.202.92.82,10.171.161.17,login_success,low,1
2025-11-12 18:44:46,182.130.210.246,10.168.165.223,login_success,low,1
2025-11-12 20:30:27,142.5.126.54,10.220.8.225,firewall_block,medium,2
2025-11-12 20:44:53,17.44.63.195,10.174.184.147,login_failure,medium,2
2025-11-12 20:49:31,201.30.198.181,10.103.170.142,login_success,low,1
2025-11-12 21:31:00,54.142.194.28,10.13.52.17,login_success,low,1
2025-11-12 21:40:16,222.228.114.57,10.85.67.21,login_success,low,1
2025-11-12 22:49:30,81.113.218.184,10.141.219.122,login_success,low,1
2025-11-12 23:19:29,202.50.53.22,10.5.187.5,firewall_block,medium,2
2025-11-12 23:35:40,41.177.252.194,10.68.38.164,login_success,low,1
2025-11-13 00:02:43,202.179.55.144,10.253.174.132,login_success,low,1
2025-11-13 00:34:20,87.243.2.4,10.48.3.242,login_success,low,1
2025-11-13 01:15:30,32.247.2.57,10.13.52.17,login_success,low,1
2025-11-13 01:17:14,156.227.35.146,10.3.124.2,login_failure,medium,2
2025-11-13 02:04:39,196.107.25.182,10.220.155.6,login_success,low,1
2025-11-13 03:20:16,214.244.159.235,10.253.174.132,privilege_escalation,high,3
2025-11-13 03:32:22,147.230.43.49,10.88.209.23,firewall_block,medium,2
2025-11-13 05:41:54,196.107.25.182,10.129.173.96,login_success,low,1
2025-11-13 05:46:06,84.96.212.99,10.115.149.91,multiple_login_failures,medium,2
2025-11-13 05:55:18,138.83.236.165,10.115.202.49,login_failure,medium,2
2025-11-13 07:12:35,90.110.120.91,10.181.133.92,login_success,low,1
2025-11-13 07:21:46,202.50.53.22,10.240.203.216,login_success,low,1
2025-11-13 07:45:14,90.110.120.91,10.13.52.17,login_success,low,1
2025-11-13 07:46:52,96.228.43.72,10.50.53.52,login_success,low,1
2025-11-13 07:56:52,92.51.21.250,10.8.13.200,login_success,low,1
2025-11-13 09:34:17,156.167.156.154,10.73.27.76,login_success,low,1
2025-11-13 09:57:18,100.148.48.201,10.85.67.21,login_success,low,1
2025-11-13 10:18:41,62.216.140.132,10.53.249.232,login_success,low,1
2025-11-13 10:41:19,48.39.2.130,10.5.187.5,firewall_block,medium,2
2025-11-13 11:04:54,54.142.194.28,10.133.202.241,login_success,low,1
2025-11-13 11:24:51,194.83.80.107,10.115.202.49,login_success,low,1
2025-11-13 12:20:23,110.69.4.138,10.253.174.132,login_success,low,1
2025-11-13 13:14:54,90.110.120.91,10.171.161.17,login_success,low,1
2025-11-13 13:29:43,62.32.169.145,10.129.173.96,login_success,low,1
2025-11-13 14:43:09,62.32.169.145,10.124.93.40,login_success,low,1
2025-11-13 15:26:32,138.83.236.165,10.226.241.76,login_success,low,1
2025-11-13 15:32:57,203.165.213.122,10.71.130.27,login_success,low,1
2025-11-13 17:04:27,218.202.92.82,10.103.170.142,login_success,low,1
2025-11-13 18:04:01,156.167.156.154,10.220.8.225,login_success,low,1
2025-11-13 18:53:27,213.28.11.160,10.124.93.40,login_success,low,1
2025-11-13 19:19:06,19.228.119.132,10.195.215.18,firewall_block,medium,2
2025-11-13 20:50:13,102.119.183.180,10.115.202.49,firewall_block,medium,2
2025-11-13 21:24:53,191.163.6.182,10.240.203.216,login_success,low,1
2025-11-13 21:30:35,130.148.203.191,10.13.52.17,login_success,low,1
2025-11-13 21:55:26,87.243.2.4,10.228.2.142,login_success,low,1
2025-11-13 22:43:25,151.159.68.195,10.72.214.63,login_success,low,1
2025-11-13 22:50:45,32.247.2.57,10.11.137.9,login_success,low,1
2025-11-13 23:32:02,202.179.55.144,10.195.215.18,login_success,low,1
2025-11-13 23:34:13,130.58.162.138,10.3.124.2,login_success,low,1
2025-11-14 00:04:10,85.252.1.61,10.50.53.52,login_success,low,1
2025-11-14 04:09:55,122.19.99.10,10.143.10.83,login_success,low,1
2025-11-14 04:11:20,182.130.210.246,10.210.53.66,login_success,low,1
2025-11-14 04:11:58,4.32.217.17,10.5.187.5,login_success,low,1
2025-11-14 05:35:32,110.69.4.138,10.88.209.23,login_success,low,1
2025-11-14 08:28:58,32.247.2.57,10.3.253.238,login_success,low,1
2025-11-14 08:58:52,81.113.218.184,10.220.8.225,privilege_escalation,high,3
2025-11-14 09:51:39,130.148.203.191,10.129.173.96,login_success,low,1
2025-11-14 10:13:36,62.32.169.145,10.143.10.83,login_success,low,1
2025-11-14 10:45:25,62.216.140.132,10.48.3.242,login_success,low,1
2025-11-14 10:51:34,14.140.185.41,10.103.170.142,login_success,low,1
2025-11-14 11:17:21,208.72.15.147,10.85.67.21,login_success,low,1
2025-11-14 11:31:52,138.83.236.165,10.133.202.241,login_failure,medium,2
2025-11-14 12:06:41,122.225.162.71,10.113.166.177,login_success,low,1
2025-11-14 12:57:49,222.228.114.57,10.68.38.164,login_success,low,1
2025-11-14 13:15:41,149.112.90.30,10.162.196.200,login_success,low,1
2025-11-14 16:56:28,156.227.35.146,10.48.3.242,login_success,low,1
2025-11-14 17:31:35,203.165.213.122,10.11.137.9,login_success,low,1
2025-11-14 17:45:32,37.126.199.17,10.133.202.241,login_success,low,1
2025-11-14 17:52:50,48.46.214.188,10.63.139.140,login_success,low,1
2025-11-14 19:55:42,114.85.67.255,10.141.219.122,login_failure,medium,2
2025-11-14 20:08:12,24.174.57.49,10.253.174.132,login_success,low,1
2025-11-14 20:42:09,102.119.183.180,10.222.12.40,login_success,low,1
2025-11-14 20:53:22,62.72.78.186,10.220.155.6,login_success,low,1
2025-11-14 21:39:42,118.119.46.119,10.145.159.49,login_success,low,1
2025-11-14 22:05:21,110.69.4.138,10.3.253.238,login_success,low,1
2025-11-14 22:16:39,54.142.194.28,10.220.8.225,login_success,low,1
2025-11-14 22:46:26,4.32.217.17,10.192.126.131,login_success,low,1
2025-11-14 23:24:17,202.179.55.144,10.174.184.147,login_success,low,1
2025-11-14 23:42:42,149.112.90.30,10.141.219.122,login_success,low,1
2025-11-15 00:46:05,156.227.35.146,10.152.10.4,login_success,low,1
2025-11-15 00:55:44,30.2.166.186,10.133.202.241,login_success,low,1
2025-11-15 02:24:27,100.148.48.201,10.68.38.164,login_success,low,1
2025-11-15 02:35:24,186.1.78.57,10.63.139.140,login_success,low,1
2025-11-15 03:53:42,110.69.4.138,10.210.53.66,login_success,low,1
2025-11-15 04:07:36,114.49.16.224,10.85.67.21,login_success,low,1
2025-11-15 05:25:51,85.252.1.61,10.195.215.18,login_success,low,1
2025-11-15 06:47:47,90.110.120.91,10.192.126.131,login_success,low,1
2025-11-15 07:06:18,19.228.119.132,10.77.251.173,login_success,low,1
2025-11-15 07:14:22,206.84.172.249,10.85.67.21,login_success,low,1
2025-11-15 08:44:46,84.96.212.99,10.8.13.200,multiple_login_failures,medium,2
2025-11-15 12:05:01,26.175.220.135,10.133.202.241,login_success,low,1
2025-11-15 12:09:57,54.142.194.28,10.174.184.147,login_success,low,1
2025-11-15 12:32:27,195.110.53.224,10.103.170.142,login_success,low,1
2025-11-15 13:34:07,197.187.42.190,10.53.249.232,login_failure,medium,2
2025-11-15 14:14:30,110.69.4.138,10.162.196.200,login_success,low,1
2025-11-15 17:10:27,195.110.53.224,10.88.209.23,login_success,low,1
2025-11-15 17:12:18,130.58.162.138,10.3.124.2,login_success,low,1
2025-11-15 17:33:00,156.167.156.154,10.129.173.96,malware_detected,high,3
2025-11-15 17:41:07,114.85.67.255,10.202.68.10,login_success,low,1
2025-11-15 17:44:30,182.130.210.246,10.141.219.122,login_success,low,1
2025-11-15 17:59:09,196.107.25.182,10.72.214.63,login_success,low,1
2025-11-15 18:29:54,30.2.166.186,10.228.2.142,login_success,low,1
2025-11-15 19:04:22,208.72.15.147,10.48.3.242,multiple_login_failures,medium,2
2025-11-15 19:10:07,138.83.236.165,10.13.52.17,login_success,low,1
2025-11-15 19:48:20,156.227.35.146,10.88.209.23,login_success,low,1
2025-11-15 20:01:08,197.187.42.190,10.53.249.232,login_success,low,1
2025-11-15 20:07:28,203.165.213.122,10.8.13.200,firewall_block,medium,2
2025-11-15 20:12:15,147.230.43.49,10.181.133.92,login_success,low,1
2025-11-15 20:41:23,87.243.2.4,10.85.67.21,login_success,low,1
2025-11-15 21:01:11,62.72.78.186,10.133.202.241,login_success,low,1
2025-11-15 22:16:58,201.30.198.181,10.133.202.241,login_success,low,1
2025-11-15 23:34:31,214.244.159.235,10.73.27.76,login_success,low,1
2025-11-15 23:37:01,67.31.58.218,10.162.196.200,login_success,low,1
2025-11-15 23:39:56,156.167.156.154,10.152.10.4,login_success,low,1
2025-11-16 00:15:38,54.236.185.117,10.115.202.49,login_failure,medium,2
2025-11-16 01:39:48,206.84.172.249,10.133.9.57,login_success,low,1
2025-11-16 01:41:48,179.97.236.62,10.220.8.225,login_failure,medium,2
2025-11-16 01:46:53,54.236.185.117,10.113.166.177,login_success,low,1
2025-11-16 04:35:19,156.78.17.109,10.253.174.132,login_success,low,1
2025-11-16 06:28:23,151.159.68.195,10.141.219.122,login_success,low,1
2025-11-16 07:48:01,206.0.93.195,10.129.173.96,login_success,low,1
2025-11-16 08:57:20,5.177.38.60,10.141.219.122,login_success,low,1
2025-11-16 10:55:12,156.78.17.109,10.120.142.88,login_success,low,1
2025-11-16 12:12:36,84.96.212.99,10.152.10.4,login_success,low,1
2025-11-16 12:22:14,147.230.43.49,10.220.155.6,login_success,low,1
2025-11-16 13:28:09,37.126.199.17,10.124.93.40,login_failure,medium,2
2025-11-16 14:30:17,92.51.21.250,10.3.124.2,login_success,low,1
2025-11-16 14:59:16,81.113.218.184,10.168.165.223,firewall_block,medium,2
2025-11-16 15:31:52,179.97.236.62,10.120.142.88,login_success,low,1
2025-11-16 16:14:27,47.224.76.167,10.129.173.96,login_failure,medium,2
2025-11-16 16:46:12,151.159.68.195,10.174.184.147,login_success,low,1
2025-11-16 17:57:40,30.2.166.186,10.3.124.2,firewall_block,medium,2
2025-11-16 18:08:29,206.0.93.195,10.68.38.164,login_success,low,1
2025-11-16 18:09:00,201.30.198.181,10.171.161.17,login_success,low,1
2025-11-16 18:34:32,12.2.152.215,10.181.133.92,firewall_block,medium,2
2025-11-16 20:00:45,17.44.63.195,10.253.174.132,login_success,low,1
2025-11-16 20:04:58,61.170.148.203,10.13.52.17,login_success,low,1
2025-11-16 20:15:04,85.252.1.61,10.240.203.216,login_success,low,1
2025-11-16 20:17:12,12.2.152.215,10.195.215.18,login_success,low,1
2025-11-16 20:45:07,5.177.38.60,10.115.202.49,login_success,low,1
2025-11-16 21:38:32,206.0.93.195,10.210.53.66,login_success,low,1
2025-11-16 22:14:31,85.252.1.61,10.192.126.131,login_success,low,1
2025-11-16 22:43:30,156.167.156.154,10.3.253.238,login_success,low,1
2025-11-16 23:41:23,102.119.183.180,10.5.187.5,firewall_block,medium,2
2025-11-17 00:42:56,114.85.67.255,10.72.214.63,login_success,low,1
2025-11-17 01:10:11,48.46.214.188,10.210.53.66,login_failure,medium,2
2025-11-17 03:04:47,48.46.214.188,10.120.142.88,login_success,low,1
2025-11-17 03:31:28,106.78.192.214,10.210.53.66,login_success,low,1
2025-11-17 03:49:09,147.230.43.49,10.143.10.83,login_success,low,1
2025-11-17 04:48:30,193.243.30.211,10.103.170.142,login_success,low,1
2025-11-17 05:44:39,12.2.152.215,10.162.196.200,multiple_login_failures,medium,2
2025-11-17 06:41:49,149.112.90.30,10.171.161.17,login_success,low,1
2025-11-17 09:57:14,202.179.55.144,10.152.10.4,login_success,low,1
2025-11-17 10:03:52,142.5.126.54,10.129.173.96,login_success,low,1
2025-11-17 10:09:12,156.227.35.146,10.120.142.88,login_failure,medium,2
2025-11-17 10:47:57,196.107.25.182,10.120.142.88,login_success,low,1
2025-11-17 11:41:04,96.228.43.72,10.3.124.2,login_success,low,1
2025-11-17 12:00:47,130.148.203.191,10.73.27.76,login_success,low,1
2025-11-17 12:47:32,114.85.67.255,10.162.196.200,login_success,low,1
2025-11-17 14:23:21,208.72.15.147,10.222.12.40,multiple_login_failures,medium,2
2025-11-17 15:07:14,218.202.92.82,10.73.27.76,login_success,low,1
2025-11-17 15:59:59,213.28.11.160,10.253.174.132,login_success,low,1
2025-11-17 16:32:34,207.54.46.221,10.220.155.6,privilege_escalation,high,3
2025-11-17 16:34:30,197.187.42.190,10.228.2.142,login_success,low,1
2025-11-17 17:53:15,114.49.16.224,10.143.10.83,multiple_login_failures,medium,2
2025-11-17 19:08:59,167.0.237.166,10.226.241.76,login_failure,medium,2
2025-11-17 19:40:16,138.83.236.165,10.72.214.63,login_success,low,1
2025-11-17 20:30:46,191.163.6.182,10.85.67.21,login_success,low,1
2025-11-17 20:31:52,142.5.126.54,10.253.174.132,login_success,low,1
2025-11-17 20:59:19,202.179.55.144,10.152.10.4,firewall_block,medium,2
2025-11-17 21:04:42,24.174.57.49,10.50.53.52,login_success,low,1
2025-11-17 21:08:07,147.230.43.49,10.124.93.40,login_failure,medium,2
2025-11-17 21:34:58,62.72.78.186,10.174.184.147,login_success,low,1
2025-11-17 21:49:41,5.177.38.60,10.133.202.241,login_success,low,1
2025-11-17 21:49:43,202.179.55.144,10.168.165.223,login_success,low,1
2025-11-17 21:51:27,62.216.140.132,10.3.124.2,login_success,low,1
2025-11-17 22:26:20,122.225.162.71,10.129.173.96,login_success,low,1
2025-11-17 23:00:28,209.29.132.50,10.124.93.40,login_success,low,1
2025-11-17 23:41:23,213.28.11.160,10.181.133.92,login_success,low,1
2025-11-18 02:28:12,142.5.126.54,10.143.10.83,firewall_block,medium,2
2025-11-18 03:26:13,106.78.192.214,10.129.173.96,login_success,low,1
2025-11-18 04:19:19,14.140.185.41,10.115.149.91,login_failure,medium,2
2025-11-18 04:24:26,151.159.68.195,10.62.49.117,login_success,low,1
2025-11-18 06:02:06,147.230.43.49,10.174.184.147,login_success,low,1
2025-11-18 06:35:05,219.198.141.245,10.48.3.242,privilege_escalation,high,3
2025-11-18 08:24:25,206.84.172.249,10.3.124.2,multiple_login_failures,medium,2
2025-11-18 10:01:57,196.107.25.182,10.206.166.196,firewall_block,medium,2
2025-11-18 12:30:18,95.165.250.174,10.228.2.142,login_success,low,1
2025-11-18 12:31:26,24.174.57.49,10.88.209.23,firewall_block,medium,2
2025-11-18 12:42:12,5.177.38.60,10.95.167.168,login_success,low,1
2025-11-18 13:06:22,62.32.169.145,10.115.202.49,login_success,low,1
2025-11-18 13:11:12,156.167.156.154,10.71.130.27,login_success,low,1
2025-11-18 14:32:04,213.28.11.160,10.53.249.232,firewall_block,medium,2
2025-11-18 16:30:31,207.54.46.221,10.77.251.173,login_success,low,1
2025-11-18 16:34:36,218.202.92.82,10.133.9.57,firewall_block,medium,2
2025-11-18 16:59:25,219.198.141.245,10.53.249.232,login_failure,medium,2
2025-11-18 17:08:56,194.83.80.107,10.226.241.76,login_success,low,1
2025-11-18 18:02:18,142.5.126.54,10.88.209.23,login_success,low,1
2025-11-18 18:37:45,138.83.236.165,10.145.159.49,firewall_block,medium,2
2025-11-18 18:45:47,41.177.252.194,10.13.52.17,login_success,low,1
2025-11-18 19:17:13,62.32.169.145,10.71.130.27,firewall_block,medium,2
2025-11-18 20:09:25,130.148.203.191,10.73.27.76,login_success,low,1
2025-11-18 20:09:32,122.19.99.10,10.8.13.200,data_exfiltration,critical,4
2025-11-18 20:23:49,30.2.166.186,10.53.249.232,firewall_block,medium,2
2025-11-18 21:03:46,147.230.43.49,10.115.149.91,login_success,low,1
2025-11-18 21:34:15,219.198.141.245,10.181.133.92,login_success,low,1
2025-11-18 22:14:08,154.0.152.168,10.133.9.57,login_success,low,1
2025-11-18 22:38:16,5.177.38.60,10.50.53.52,data_exfiltration,critical,4
2025-11-18 22:53:33,84.96.212.99,10.181.133.92,login_success,low,1
2025-11-18 22:58:42,14.140.185.41,10.222.12.40,login_success,low,1
2025-11-18 23:13:39,19.228.119.132,10.206.166.196,multiple_login_failures,medium,2
2025-11-19 00:13:27,62.216.140.132,10.85.67.21,firewall_block,medium,2
2025-11-19 01:09:13,201.30.198.181,10.71.130.27,login_success,low,1
2025-11-19 01:15:28,4.32.217.17,10.171.161.17,login_success,low,1
2025-11-19 01:42:21,122.225.162.71,10.63.139.140,login_success,low,1
2025-11-19 02:35:52,92.51.21.250,10.3.124.2,login_success,low,1
2025-11-19 04:14:15,179.97.236.62,10.53.249.232,login_success,low,1
2025-11-19 07:13:07,67.31.58.218,10.152.10.4,login_success,low,1
2025-11-19 07:39:32,156.167.156.154,10.103.170.142,login_success,low,1
2025-11-19 08:03:10,193.243.30.211,10.115.202.49,login_success,low,1
2025-11-19 08:31:00,202.50.53.22,10.8.13.200,login_success,low,1
2025-11-19 08:51:42,130.58.162.138,10.53.249.232,login_success,low,1
2025-11-19 10:24:39,96.228.43.72,10.95.167.168,privilege_escalation,high,3
2025-11-19 10:41:02,207.54.46.221,10.71.130.27,login_success,low,1
2025-11-19 11:21:44,96.228.43.72,10.174.184.147,login_success,low,1
2025-11-19 13:04:23,218.202.92.82,10.73.27.76,login_success,low,1
2025-11-19 14:23:29,5.177.38.60,10.5.187.5,login_success,low,1
2025-11-19 14:46:30,41.177.252.194,10.222.12.40,login_success,low,1
2025-11-19 15:25:44,85.252.1.61,10.115.149.91,login_success,low,1
2025-11-19 16:16:49,48.46.214.188,10.50.53.52,login_success,low,1
2025-11-19 17:02:30,201.30.198.181,10.3.124.2,login_success,low,1
2025-11-19 17:27:23,5.177.38.60,10.73.27.76,login_success,low,1
2025-11-19 18:06:27,138.83.236.165,10.73.27.76,login_failure,medium,2
2025-11-19 18:22:33,61.170.148.203,10.95.167.168,privilege_escalation,high,3
2025-11-19 19:35:11,95.165.250.174,10.220.8.225,login_success,low,1
2025-11-19 20:07:55,195.110.53.224,10.174.184.147,firewall_block,medium,2
2025-11-19 20:20:52,196.107.25.182,10.103.170.142,login_success,low,1
2025-11-19 20:44:32,110.69.4.138,10.48.3.242,login_success,low,1
2025-11-19 21:27:14,24.174.57.49,10.238.155.252,login_success,low,1
2025-11-19 21:30:53,24.174.57.49,10.124.93.40,login_success,low,1
2025-11-19 21:32:52,193.243.30.211,10.63.139.140,login_success,low,1
2025-11-19 21:44:31,197.187.42.190,10.210.53.66,firewall_block,medium,2
2025-11-19 22:11:39,130.58.162.138,10.3.253.238,login_success,low,1
2025-11-19 23:02:14,193.243.30.211,10.3.124.2,login_success,low,1
2025-11-19 23:20:09,130.58.162.138,10.120.142.88,login_success,low,1
2025-11-20 00:30:29,67.31.58.218,10.145.159.49,login_success,low,1
2025-11-20 00:40:34,156.78.17.109,10.129.173.96,login_success,low,1
2025-11-20 01:05:55,206.84.172.249,10.115.149.91,firewall_block,medium,2
2025-11-20 02:43:49,209.29.132.50,10.13.52.17,login_success,low,1
2025-11-20 03:03:38,203.165.213.122,10.228.2.142,login_success,low,1
2025-11-20 03:51:02,106.78.192.214,10.133.9.57,login_success,low,1
2025-11-20 05:24:59,54.236.185.117,10.115.149.91,login_success,low,1
2025-11-20 05:59:02,85.252.1.61,10.72.214.63,login_success,low,1
2025-11-20 06:05:36,42.214.5.197,10.62.49.117,login_success,low,1
2025-11-20 07:29:10,214.244.159.235,10.195.215.18,login_success,low,1
2025-11-20 07:45:02,209.29.132.50,10.143.10.83,login_success,low,1
2025-11-20 09:11:50,62.72.78.186,10.48.3.242,firewall_block,medium,2
2025-11-20 09:35:06,26.175.220.135,10.85.67.21,login_success,low,1
2025-11-20 10:14:21,142.5.126.54,10.192.126.131,login_success,low,1
2025-11-20 10:44:11,194.83.80.107,10.143.10.83,login_success,low,1
2025-11-20 11:12:10,81.113.218.184,10.71.130.27,login_success,low,1
2025-11-20 13:52:42,96.228.43.72,10.238.155.252,login_success,low,1
2025-11-20 15:12:43,102.119.183.180,10.181.133.92,login_success,low,1
2025-11-20 15:13:41,202.50.53.22,10.202.68.10,login_success,low,1
2025-11-20 15:42:15,218.202.92.82,10.145.159.49,login_success,low,1
2025-11-20 15:44:08,110.69.4.138,10.162.196.200,login_success,low,1
2025-11-20 16:07:18,207.54.46.221,10.48.3.242,login_success,low,1
2025-11-20 16:24:03,142.5.126.54,10.192.126.131,login_success,low,1
2025-11-20 16:39:33,182.130.210.246,10.5.187.5,firewall_block,medium,2
2025-11-20 17:08:53,4.32.217.17,10.210.53.66,login_success,low,1
2025-11-20 17:28:20,222.228.114.57,10.133.202.241,login_success,low,1
2025-11-20 17:41:56,130.58.162.138,10.171.161.17,login_success,low,1
2025-11-20 17:45:59,203.165.213.122,10.71.130.27,login_success,low,1
2025-11-20 18:32:51,110.69.4.138,10.50.53.52,login_success,low,1
2025-11-20 18:43:32,154.191.31.190,10.152.10.4,login_success,low,1
2025-11-20 18:57:02,90.110.120.91,10.152.10.4,firewall_block,medium,2
2025-11-20 19:02:26,191.163.6.182,10.133.202.241,login_success,low,1
2025-11-20 20:45:45,90.110.120.91,10.48.3.242,ransomware_activity,critical,4
2025-11-20 22:34:22,100.148.48.201,10.5.187.5,firewall_block,medium,2
2025-11-20 22:46:27,31.204.17.2,10.202.68.10,login_success,low,1
2025-11-20 23:39:24,24.174.57.49,10.53.249.232,login_success,low,1
2025-11-21 00:48:27,197.187.42.190,10.71.130.27,login_success,low,1
2025-11-21 00:59:38,122.225.162.71,10.11.137.9,login_success,low,1
2025-11-21 01:01:17,100.148.48.201,10.73.27.76,login_success,low,1
2025-11-21 01:43:45,156.227.35.146,10.71.130.27,login_success,low,1
2025-11-21 08:13:49,95.165.250.174,10.192.126.131,login_success,low,1
2025-11-21 10:26:54,48.46.214.188,10.181.133.92,login_success,low,1
2025-11-21 10:46:50,207.54.46.221,10.171.161.17,login_success,low,1
2025-11-21 12:24:12,5.177.38.60,10.5.187.5,login_success,low,1
2025-11-21 12:45:06,12.2.152.215,10.192.126.131,login_success,low,1
2025-11-21 12:54:23,24.174.57.49,10.192.126.131,firewall_block,medium,2
2025-11-21 13:20:35,85.252.1.61,10.133.9.57,multiple_login_failures,medium,2
2025-11-21 13:21:45,222.228.114.57,10.168.165.223,login_success,low,1
2025-11-21 13:44:58,92.51.21.250,10.103.170.142,login_success,low,1
2025-11-21 13:45:43,114.85.67.255,10.206.166.196,login_failure,medium,2
2025-11-21 13:51:33,62.32.169.145,10.124.93.40,multiple_login_failures,medium,2
2025-11-21 14:29:18,186.225.62.181,10.143.10.83,login_success,low,1
2025-11-21 14:45:17,87.243.2.4,10.238.155.252,login_success,low,1
2025-11-21 15:43:09,30.2.166.186,10.192.126.131,login_success,low,1
2025-11-21 17:10:53,19.228.119.132,10.238.155.252,login_success,low,1
2025-11-21 17:15:00,208.72.15.147,10.113.166.177,login_success,low,1
2025-11-21 17:35:43,14.140.185.41,10.202.68.10,login_success,low,1
2025-11-21 17:41:27,201.30.198.181,10.85.67.21,login_success,low,1
2025-11-21 18:59:41,122.225.162.71,10.129.173.96,login_success,low,1
2025-11-21 19:29:09,85.252.1.61,10.210.53.66,malware_detected,high,3
2025-11-21 20:05:43,193.243.30.211,10.13.52.17,login_success,low,1
2025-11-21 20:07:20,154.191.31.190,10.103.170.142,login_success,low,1
2025-11-21 20:19:05,114.85.67.255,10.253.174.132,login_success,low,1
2025-11-21 20:20:37,122.225.162.71,10.95.167.168,login_success,low,1
2025-11-21 20:22:53,194.83.80.107,10.48.3.242,login_success,low,1
2025-11-21 20:34:21,197.187.42.190,10.13.52.17,firewall_block,medium,2
2025-11-21 20:36:34,186.1.78.57,10.77.251.173,login_success,low,1
2025-11-21 20:46:57,202.136.230.29,10.168.165.223,login_success,low,1
2025-11-21 21:37:31,167.0.237.166,10.11.137.9,firewall_block,medium,2
2025-11-21 22:25:42,102.119.183.180,10.202.68.10,login_success,low,1
2025-11-21 22:44:07,26.175.220.135,10.50.53.52,login_success,low,1
2025-11-21 22:58:52,194.83.80.107,10.226.241.76,login_success,low,1
2025-11-22 00:49:35,186.225.62.181,10.120.142.88,login_failure,medium,2
2025-11-22 01:49:55,48.39.2.130,10.202.68.10,login_failure,medium,2
2025-11-22 01:54:27,48.46.214.188,10.120.142.88,login_success,low,1
2025-11-22 03:50:24,26.175.220.135,10.103.170.142,login_success,low,1
2025-11-22 04:17:15,118.119.46.119,10.5.187.5,firewall_block,medium,2
2025-11-22 04:29:15,130.58.162.138,10.95.167.168,login_success,low,1
2025-11-22 04:54:57,149.112.90.30,10.5.187.5,login_success,low,1
2025-11-22 05:34:43,17.44.63.195,10.202.68.10,login_success,low,1
2025-11-22 05:45:13,122.225.162.71,10.240.203.216,login_failure,medium,2
2025-11-22 06:19:18,106.78.192.214,10.63.139.140,login_success,low,1
2025-11-22 07:52:22,193.243.30.211,10.53.249.232,malware_detected,high,3
2025-11-22 09:51:30,197.187.42.190,10.143.10.83,login_success,low,1
2025-11-22 10:10:52,100.148.48.201,10.63.139.140,login_success,low,1
2025-11-22 11:04:15,154.0.152.168,10.240.203.216,login_success,low,1
2025-11-22 11:36:31,32.247.2.57,10.226.241.76,login_success,low,1
2025-11-22 12:18:44,5.177.38.60,10.13.52.17,multiple_login_failures,medium,2
2025-11-22 13:03:59,14.140.185.41,10.3.253.238,login_success,low,1
2025-11-22 13:43:40,206.0.93.195,10.3.253.238,login_success,low,1
2025-11-22 14:07:07,14.140.185.41,10.143.10.83,login_success,low,1
2025-11-22 15:37:14,206.84.172.249,10.192.126.131,login_success,low,1
2025-11-22 16:15:57,130.58.162.138,10.5.187.5,login_success,low,1
2025-11-22 16:35:55,182.130.210.246,10.68.38.164,login_success,low,1
2025-11-22 16:38:36,195.110.53.224,10.220.8.225,firewall_block,medium,2
2025-11-22 17:41:26,206.0.93.195,10.11.137.9,firewall_block,medium,2
2025-11-22 18:08:02,122.225.162.71,10.220.8.225,login_failure,medium,2
2025-11-22 18:49:08,24.174.57.49,10.115.149.91,login_success,low,1
2025-11-22 20:08:53,14.140.185.41,10.68.38.164,login_success,low,1
2025-11-22 20:38:21,207.54.46.221,10.103.170.142,login_success,low,1
2025-11-22 20:39:31,203.165.213.122,10.5.187.5,login_success,low,1
2025-11-22 22:22:21,206.84.172.249,10.206.166.196,login_success,low,1
2025-11-22 22:32:28,195.110.53.224,10.85.67.21,login_failure,medium,2
2025-11-22 23:06:56,202.179.55.144,10.85.67.21,login_success,low,1
2025-11-22 23:33:13,51.242.146.37,10.133.9.57,login_success,low,1
2025-11-23 00:37:53,122.225.162.71,10.48.3.242,login_success,low,1
2025-11-23 01:22:23,62.216.140.132,10.115.202.49,login_success,low,1
2025-11-23 02:32:48,207.54.46.221,10.124.93.40,login_failure,medium,2
2025-11-23 02:54:14,24.174.57.49,10.220.8.225,login_success,low,1
2025-11-23 02:58:11,85.252.1.61,10.68.38.164,login_success,low,1
2025-11-23 03:22:32,47.224.76.167,10.226.241.76,login_success,low,1
2025-11-23 04:08:30,4.32.217.17,10.133.9.57,login_success,low,1
2025-11-23 04:39:51,24.174.57.49,10.192.126.131,login_success,low,1
2025-11-23 06:02:19,41.177.252.194,10.68.38.164,login_success,low,1
2025-11-23 07:03:03,206.0.93.195,10.145.159.49,login_success,low,1
2025-11-23 07:06:22,42.214.5.197,10.72.214.63,login_success,low,1
2025-11-23 08:09:52,167.0.237.166,10.63.139.140,login_success,low,1
2025-11-23 08:48:56,30.2.166.186,10.3.253.238,login_success,low,1
2025-11-23 10:28:22,95.165.250.174,10.133.202.241,login_success,low,1
2025-11-23 11:14:45,37.126.199.17,10.120.142.88,login_success,low,1
2025-11-23 12:57:59,84.96.212.99,10.220.8.225,login_success,low,1
2025-11-23 13:16:25,213.28.11.160,10.8.13.200,login_success,low,1
2025-11-23 13:36:00,201.30.198.181,10.124.93.40,login_success,low,1
2025-11-23 15:12:56,61.170.148.203,10.124.93.40,login_success,low,1
2025-11-23 16:03:25,100.148.48.201,10.77.251.173,login_success,low,1
2025-11-23 16:52:04,42.214.5.197,10.228.2.142,login_success,low,1
2025-11-23 16:54:03,102.119.183.180,10.73.27.76,login_success,low,1
2025-11-23 18:09:30,208.72.15.147,10.143.10.83,login_success,low,1
2025-11-23 18:18:00,62.32.169.145,10.238.155.252,login_success,low,1
2025-11-23 18:29:24,209.29.132.50,10.141.219.122,login_success,low,1
2025-11-23 18:52:04,202.179.55.144,10.238.155.252,login_success,low,1
2025-11-23 19:24:57,196.107.25.182,10.113.166.177,login_success,low,1
2025-11-23 20:31:09,37.126.199.17,10.11.137.9,login_success,low,1
2025-11-23 21:00:38,96.228.43.72,10.73.27.76,login_success,low,1
2025-11-23 21:25:40,37.126.199.17,10.77.251.173,login_success,low,1
2025-11-23 23:00:47,67.31.58.218,10.220.8.225,login_success,low,1
2025-11-23 23:08:05,206.0.93.195,10.181.133.92,login_success,low,1
2025-11-23 23:15:37,24.174.57.49,10.11.137.9,data_exfiltration,critical,4
2025-11-23 23:26:11,95.165.250.174,10.72.214.63,login_success,low,1
2025-11-24 00:13:41,197.187.42.190,10.103.170.142,login_success,low,1
2025-11-24 00:17:04,206.84.172.249,10.85.67.21,login_success,low,1
2025-11-24 00:44:53,102.119.183.180,10.53.249.232,login_success,low,1
2025-11-24 01:28:15,208.72.15.147,10.133.9.57,login_success,low,1
2025-11-24 02:14:11,62.32.169.145,10.181.133.92,login_success,low,1
2025-11-24 02:16:31,62.72.78.186,10.192.126.131,login_success,low,1
2025-11-24 02:45:38,48.39.2.130,10.8.13.200,login_success,low,1
2025-11-24 03:17:36,201.30.198.181,10.73.27.76,multiple_login_failures,medium,2
2025-11-24 03:48:12,118.119.46.119,10.103.170.142,login_success,low,1
2025-11-24 03:56:08,206.84.172.249,10.8.13.200,login_success,low,1
2025-11-24 04:03:57,102.119.183.180,10.62.49.117,login_failure,medium,2
2025-11-24 04:06:24,156.78.17.109,10.3.124.2,login_success,low,1
2025-11-24 05:08:27,24.174.57.49,10.133.9.57,login_success,low,1
2025-11-24 05:38:11,214.244.159.235,10.145.159.49,login_success,low,1
2025-11-24 06:23:35,219.198.141.245,10.162.196.200,login_success,low,1
2025-11-24 08:10:23,194.83.80.107,10.115.149.91,login_failure,medium,2
2025-11-24 09:01:56,130.148.203.191,10.103.170.142,login_success,low,1
2025-11-24 09:30:41,37.126.199.17,10.206.166.196,login_success,low,1
2025-11-24 09:57:27,214.244.159.235,10.192.126.131,login_success,low,1
2025-11-24 10:00:02,96.228.43.72,10.73.27.76,login_success,low,1
2025-11-24 10:53:11,12.2.152.215,10.11.137.9,login_success,low,1
2025-11-24 12:16:07,202.50.53.22,10.129.173.96,login_success,low,1
2025-11-24 14:02:28,54.142.194.28,10.152.10.4,firewall_block,medium,2
2025-11-24 15:17:28,191.163.6.182,10.77.251.173,login_success,low,1
