Timestamp,Source IP,Destination IP,Event Type
2025-09-07 08:05:48,24.177.218.106,10.237.126.123,login_success
2025-08-21 22:59:12,215.16.153.80,10.247.144.186,login_success
2025-08-21 07:51:22,84.117.200.59,10.12.79.172,login_success
2025-09-11 01:42:38,48.93.150.147,10.73.49.67,login_success
2025-08-24 19:04:11,48.60.74.239,10.237.126.123,login_success
2025-09-12 02:03:46,19.15.90.54,10.12.79.172,login_success
2025-08-19 21:58:52,184.109.193.178,10.36.242.158,login_success
2025-09-05 21:35:35,2.231.158.140,10.127.165.2,login_success
2025-08-25 00:45:43,60.215.13.253,10.58.170.142,login_success
2025-08-20 07:00:54,90.75.85.176,10.98.221.152,firewall_block
2025-08-26 12:09:53,170.245.134.220,10.248.69.50,login_success
,87.252.231.125,10.114.88.9,login_failure
2025-09-12 00:00:07,165.141.227.122,10.98.221.152,login_success
2025-08-26 14:26:45,60.215.13.253,10.29.115.193,login_success
2025-08-29 20:41:34,84.39.199.219,10.29.115.193,login_success
2025-09-04 16:26:21,84.39.199.219,10.247.144.186,login_success
2025-08-25 19:57:52,151.44.127.98,10.98.221.152,login_failure
2025-08-31 16:13:13,189.46.210.80,10.248.69.50,login_success
2025-08-17 20:15:26,37.47.139.16,10.41.128.19,firewall_block
2025-09-12 20:26:18,51.190.67.137,10.5.212.107,multiple_login_failures
2025-09-13 12:00:02,60.215.13.253,10.209.29.146,login_success
2025-08-29 22:24:56,211.115.56.203,10.121.66.40,login_success
2025-09-10 08:49:48,108.55.118.129,10.84.141.65,login_success
2025-09-02 03:47:58,185.44.12.177,10.220.78.158,login_success
2025-09-04 22:50:48,17.160.104.119,10.11.113.86,login_success
2025-08-28 19:51:02,184.109.193.178,10.248.69.50,login_success
2025-08-25 05:35:36,165.141.227.122,10.140.217.103,login_success
2025-08-27 14:00:00,58.116.143.183,10.233.121.133,login_success
2025-08-26 05:57:02,18.39.34.252,10.195.128.217,login_success
2025-09-01 17:02:13,24.177.218.106,10.209.29.146,login_failure
2025-09-09 14:35:59,154.112.4.176,10.127.165.2,login_success
2025-08-26 12:53:22,212.9.40.249,10.102.111.205,login_success
2025-09-13 11:42:36,87.252.231.125,10.220.78.158,privilege_escalation
2025-08-28 17:25:11,131.186.166.141,10.89.69.224,login_success
2025-09-14 14:36:09,184.109.193.178,10.117.118.85,malware_detected
2025-09-03 04:40:18,173.207.55.180,10.126.156.93,login_success
,214.83.98.61,10.209.29.146,login_success
2025-08-22 09:23:38,84.39.199.219,10.12.79.172,ransomware_activity
2025-08-22 22:12:11,65.46.153.44,10.89.69.224,login_success
2025-08-23 14:51:12,63.39.2.11,10.128.238.241,login_failure
2025-09-04 15:13:46,17.160.104.119,10.140.217.103,login_success
2025-09-11 19:26:47,84.117.200.59,10.89.69.224,login_success
2025-08-18 14:21:39,84.39.199.219,10.233.184.156,login_success
2025-08-26 21:14:38,215.16.153.80,10.233.121.133,privilege_escalation
2025-09-01 01:11:20,160.254.185.11,10.171.52.38,login_success
2025-09-09 03:25:37,190.31.80.45,10.73.49.67,login_success
2025-08-30 20:26:14,89.140.47.59,10.117.118.85,login_success
2025-09-08 04:28:21,184.23.13.181,10.203.152.54,login_success
2025-09-09 22:42:56,17.160.104.119,10.233.121.133,login_success
2025-08-22 23:21:11,60.215.13.253,10.131.95.11,privilege_escalation
2025-09-05 21:34:42,19.15.90.54,10.11.113.86,login_success
2025-09-01 00:44:53,214.83.98.61,10.41.128.19,login_success
2025-08-31 00:56:05,6.230.67.222,10.121.66.40,login_success
2025-09-13 12:42:17,62.131.51.119,10.203.152.54,login_success
2025-09-13 20:24:47,154.112.4.176,10.237.126.123,firewall_block
2025-09-14 15:31:34,139.192.89.67,10.195.128.217,login_success
2025-09-08 19:06:47,19.15.90.54,10.175.225.157,login_success
2025-09-07 03:21:43,20.147.215.226,10.233.184.156,login_success
2025-08-30 14:05:50,37.47.139.16,10.171.52.38,login_success
2025-09-09 07:54:55,77.140.198.216,10.12.79.172,login_success
2025-08-26 16:04:52,6.230.67.222,10.5.212.107,firewall_block
2025-09-06 18:38:08,156.137.171.201,10.135.148.253,login_success
2025-09-07 09:16:28,77.140.198.216,10.84.141.65,login_success
2025-08-18 17:30:56,14.17.32.102,10.244.193.86,login_success
2025-08-30 05:26:52,102.165.220.144,10.24.213.23,login_success
2025-08-25 01:25:46,222.243.232.65,10.247.144.186,login_success
2025-09-09 02:21:52,48.93.150.147,10.114.88.9,login_success
2025-09-06 16:45:47,17.160.104.119,10.209.29.146,login_success
2025-09-13 07:34:56,17.160.104.119,10.102.111.205,login_success
2025-08-23 20:09:03,133.11.220.79,10.24.213.23,login_success
2025-09-05 13:46:43,62.131.51.119,10.24.213.23,firewall_block
2025-09-07 14:03:35,173.207.55.180,10.189.136.182,login_success
2025-09-03 08:02:22,208.67.245.11,10.233.121.133,firewall_block
2025-09-07 14:15:06,19.15.90.54,10.248.164.54,data_exfiltration
2025-09-09 06:49:57,2.231.158.140,10.128.238.241,login_success
2025-08-31 02:00:41,22.166.118.36,10.192.246.255,login_success
2025-09-09 06:52:43,197.238.12.112,10.5.212.107,login_success
2025-08-23 06:57:16,197.238.12.112,10.126.156.93,login_success
2025-08-21 02:13:11,108.55.118.129,10.209.29.146,login_success
2025-09-10 12:58:21,17.160.104.119,10.175.225.157,login_success
2025-09-05 12:27:52,65.46.153.44,10.209.29.146,login_success
2025-08-19 13:20:25,189.46.210.80,10.29.115.193,login_success
2025-08-25 09:43:14,84.117.200.59,10.32.71.160,login_success
2025-08-29 16:16:44,18.39.34.252,10.31.97.222,login_failure
2025-08-31 05:52:22,68.232.16.104,10.189.136.182,login_success
2025-09-07 18:45:05,29.62.68.194,10.98.221.152,login_success
2025-08-31 20:58:23,114.181.183.110,10.29.115.193,login_success
2025-08-20 15:53:51,9.43.12.22,10.247.144.186,login_success
2025-08-21 01:09:50,196.161.166.214,10.189.136.182,login_success
2025-09-02 00:28:06,102.165.220.144,10.29.115.193,login_success
2025-08-19 01:03:45,108.55.118.129,10.135.148.253,login_success
2025-09-06 14:10:33,5.13.30.74,10.20.81.30,login_success
2025-09-01 04:30:39,222.230.139.179,10.76.207.32,login_success
2025-08-25 11:09:39,24.177.218.106,10.100.88.45,login_success
2025-09-12 22:46:28,154.112.4.176,10.84.141.65,login_success
2025-08-19 22:37:56,222.230.139.179,10.131.95.11,login_success
2025-08-22 11:23:45,84.117.200.59,10.128.238.241,login_success
2025-09-03 00:12:30,90.75.85.176,10.254.41.59,login_success
2025-09-08 01:16:59,160.254.185.11,10.114.88.9,login_success
2025-08-18 15:05:02,185.44.12.177,10.195.128.217,firewall_block
2025-08-22 15:21:38,39.172.76.115,10.11.113.86,login_success
2025-09-14 10:45:08,152.128.231.29,10.237.126.123,login_success
2025-09-14 16:10:48,89.139.79.18,10.36.242.158,login_success
2025-09-15 05:45:44,24.177.218.106,10.140.217.103,login_failure
2025-09-01 05:22:27,5.13.30.74,10.254.156.51,login_success
2025-09-03 03:13:25,133.11.220.79,10.65.181.78,privilege_escalation
2025-09-06 02:26:11,63.39.2.11,10.29.115.193,login_failure
2025-08-22 09:26:41,22.166.118.36,10.121.66.40,login_success
2025-08-21 21:36:16,37.47.139.16,10.65.181.78,login_success
2025-08-26 20:18:29,197.238.12.112,10.121.66.40,login_success
2025-09-08 04:08:20,49.14.108.160,10.220.78.158,login_success
2025-08-27 10:30:13,84.117.200.59,10.248.69.50,login_success
2025-08-24 16:35:56,39.172.76.115,10.84.141.65,login_success
2025-08-27 13:35:26,139.192.89.67,10.233.184.156,login_success
2025-09-09 18:25:47,5.13.30.74,10.41.128.19,login_success
2025-08-26 07:02:03,118.106.205.168,10.233.184.156,login_success
2025-09-02 10:18:33,114.9.108.125,10.31.97.222,login_success
2025-08-26 08:43:32,198.240.3.187,10.100.88.45,login_success
2025-08-18 09:55:07,58.116.143.183,10.237.126.123,login_success
2025-09-11 15:41:08,185.44.12.177,10.189.136.182,login_success
2025-08-27 09:42:26,196.161.166.214,10.20.81.30,login_success
2025-09-06 10:32:44,60.215.13.253,10.86.137.117,login_success
2025-08-22 17:20:38,39.172.76.115,10.247.144.186,login_success
2025-08-27 00:48:29,166.61.150.57,10.254.41.59,login_success
2025-08-28 23:34:15,58.116.143.183,10.65.181.78,login_success
2025-09-08 23:50:52,62.131.51.119,10.24.213.23,login_success
2025-08-23 22:08:46,22.3.92.244,10.12.79.172,login_success
2025-09-02 05:01:59,77.140.198.216,10.203.152.54,firewall_block
2025-09-15 03:33:49,170.245.134.220,10.184.252.173,login_success
2025-09-09 06:47:57,114.181.183.110,10.84.141.65,login_success
2025-08-27 12:19:17,24.177.218.106,10.127.165.2,login_success
2025-08-19 16:22:37,29.222.75.248,10.209.29.146,login_success
2025-08-28 18:03:30,151.44.127.98,10.32.71.160,login_success
2025-08-25 14:37:47,37.165.84.25,10.76.207.32,login_success
2025-09-15 16:17:30,182.179.40.58,10.36.242.158,login_success
2025-08-31 17:31:22,48.93.150.147,10.85.17.64,login_success
2025-09-11 23:10:43,170.245.134.220,10.220.78.158,firewall_block
2025-08-21 21:31:07,75.139.139.135,10.247.144.186,login_success
2025-08-24 05:41:08,18.39.34.252,10.36.242.158,login_success
2025-09-07 12:39:00,211.115.56.203,10.195.128.217,login_success
2025-08-24 09:04:50,118.106.205.168,10.128.238.241,login_success
2025-09-04 17:43:30,22.3.92.244,10.126.156.93,login_success
2025-09-12 10:52:40,9.43.12.22,10.237.126.123,login_success
2025-09-05 10:18:41,89.140.47.59,10.248.69.50,firewall_block
2025-09-12 03:37:43,84.117.200.59,10.233.121.133,login_success
2025-09-04 15:07:36,84.39.199.219,10.195.128.217,firewall_block
2025-08-18 18:11:26,165.141.227.122,10.117.118.85,login_success
2025-08-23 20:52:48,133.11.220.79,10.195.128.217,login_success
2025-08-20 20:42:51,2.9.12.134,10.31.97.222,login_success
2025-08-23 00:39:33,22.3.92.244,10.98.221.152,firewall_block
2025-08-24 20:29:56,165.141.227.122,10.128.238.241,login_success
2025-09-07 21:19:27,63.39.2.11,10.98.221.152,login_success
2025-09-14 13:07:12,184.23.13.181,10.5.212.107,login_success
2025-08-20 13:58:26,189.15.51.25,10.233.121.133,login_success
2025-09-03 12:18:49,182.179.40.58,10.65.181.78,
2025-08-20 18:08:59,22.166.118.36,10.126.156.93,login_success
2025-09-09 00:49:07,173.207.55.180,10.102.111.205,login_success
2025-08-29 16:54:12,75.139.139.135,10.86.137.117,login_success
2025-09-11 14:41:41,222.243.232.65,10.86.137.117,login_success
2025-08-25 17:32:26,89.140.47.59,10.192.246.255,firewall_block
2025-09-10 20:36:57,24.177.218.106,10.31.97.222,login_success
2025-08-20 16:20:19,29.62.68.194,10.98.221.152,login_success
2025-08-30 17:04:05,58.116.143.183,10.24.213.23,login_success
2025-08-24 16:47:23,185.44.12.177,10.5.212.107,login_success
2025-09-12 04:54:24,108.55.118.129,10.140.217.103,login_success
2025-09-04 04:49:43,222.230.139.179,10.86.137.117,login_success
2025-09-11 05:03:24,84.117.200.59,10.5.212.107,
2025-08-19 20:50:04,208.67.245.11,10.254.156.51,login_success
2025-09-14 17:22:23,184.23.13.181,10.126.156.93,firewall_block
2025-08-28 15:36:56,108.55.118.129,10.36.242.158,login_success
2025-09-03 02:46:17,170.245.134.220,10.254.156.51,login_success
2025-09-02 04:17:22,37.165.84.25,10.248.164.54,login_success
2025-09-07 00:02:28,89.140.47.59,10.35.35.27,login_success
2025-09-14 05:28:43,57.113.92.145,10.244.193.86,login_success
2025-08-31 19:04:35,190.31.80.45,10.98.221.152,login_success
2025-09-02 06:29:18,37.47.139.16,10.36.242.158,login_success
2025-09-16 06:20:24,133.11.220.79,10.76.207.32,
2025-09-15 17:02:28,24.177.218.106,10.254.156.51,login_success
2025-09-08 12:31:57,125.166.25.121,10.31.97.222,login_success
2025-09-04 09:17:55,189.15.51.25,10.36.242.158,login_failure
2025-08-20 14:40:34,57.113.92.145,10.131.95.11,login_success
2025-09-05 10:53:52,63.39.2.11,10.248.164.54,login_success
2025-08-19 07:53:26,89.139.79.18,10.12.79.172,login_failure
2025-08-31 13:55:40,37.165.84.25,10.192.246.255,firewall_block
2025-09-09 17:48:47,131.226.130.177,10.32.71.160,login_success
2025-08-23 09:11:26,57.113.92.145,10.220.78.158,login_success
2025-08-20 09:02:14,154.112.4.176,10.203.152.54,firewall_block
2025-08-29 06:58:11,14.17.32.102,10.5.212.107,login_success
2025-09-04 12:24:51,6.230.67.222,10.140.217.103,login_success
2025-09-08 21:27:57,160.254.185.11,10.233.121.133,privilege_escalation
2025-08-22 11:41:45,48.60.74.239,10.237.126.123,login_success
2025-08-25 17:13:21,189.46.210.80,10.5.212.107,login_success
2025-08-19 18:45:49,211.115.56.203,10.135.148.253,login_success
2025-09-04 00:45:08,214.83.98.61,10.233.121.133,login_success
2025-09-14 01:34:10,125.166.25.121,10.100.88.45,login_success
2025-09-08 05:10:30,184.109.193.178,10.209.29.146,login_success
2025-08-31 14:52:22,165.141.227.122,10.175.225.157,login_success
2025-09-06 04:36:35,90.75.85.176,10.29.115.193,login_failure
2025-09-09 23:25:23,198.240.3.187,10.127.165.2,login_failure
2025-08-21 08:15:55,160.254.185.11,10.102.111.205,
2025-09-12 19:17:00,152.128.231.29,10.100.88.45,login_success
2025-08-17 21:10:10,131.186.166.141,10.5.212.107,login_success
2025-08-28 16:37:28,138.148.45.217,10.24.213.23,login_success
2025-08-17 22:46:56,139.192.89.67,10.248.164.54,login_success
2025-08-30 03:18:39,157.26.34.53,10.247.144.186,login_success
2025-09-08 01:39:09,37.165.84.25,10.237.126.123,login_success
2025-09-10 14:21:54,89.140.47.59,10.85.17.64,login_success
2025-08-25 11:23:20,5.13.30.74,10.233.184.156,login_success
2025-08-30 20:10:53,138.148.45.217,10.254.41.59,login_success
2025-08-22 09:57:42,131.186.166.141,10.20.81.30,firewall_block
2025-08-22 14:56:25,156.137.171.201,10.117.118.85,login_success
2025-08-30 05:10:52,68.232.16.104,10.100.88.45,login_success
2025-08-31 02:41:39,58.116.143.183,10.233.184.156,login_success
2025-08-30 23:03:17,160.254.185.11,10.31.97.222,login_failure
2025-09-14 09:59:16,37.47.139.16,10.36.242.158,login_success
2025-08-23 13:30:33,139.192.89.67,10.127.165.2,login_success
2025-09-04 06:32:09,37.165.84.25,10.128.238.241,login_failure
2025-08-31 06:31:19,153.110.229.202,10.171.52.38,login_success
2025-09-12 21:00:50,196.161.166.214,10.76.207.32,login_failure
2025-09-10 03:12:31,166.61.150.57,10.102.111.205,login_success
2025-08-24 14:43:56,37.165.84.25,10.220.78.158,login_success
2025-08-30 10:01:50,138.148.45.217,10.140.217.103,firewall_block
2025-08-18 00:51:01,184.23.13.181,10.248.69.50,login_success
2025-09-12 02:55:17,184.109.193.178,10.102.111.205,login_success
2025-08-31 03:15:36,48.60.74.239,10.76.207.32,login_success
2025-08-18 19:46:01,173.207.55.180,10.41.128.19,login_success
2025-09-13 02:06:05,208.67.245.11,10.237.126.123,login_failure
2025-08-21 14:37:17,131.186.166.141,10.233.121.133,login_success
2025-09-09 13:21:18,138.148.45.217,10.171.52.38,login_success
2025-08-29 15:13:59,208.67.245.11,10.35.35.27,login_success
2025-09-09 09:35:19,75.139.139.135,10.135.148.253,multiple_login_failures
2025-08-28 09:57:06,84.117.200.59,10.58.170.142,login_success
2025-09-02 13:15:15,156.137.171.201,10.195.128.217,login_success
2025-09-03 01:40:05,5.13.30.74,10.184.252.173,login_success
2025-09-02 09:33:33,6.230.67.222,10.32.71.160,firewall_block
2025-09-04 04:33:35,151.44.127.98,10.192.246.255,login_success
2025-08-20 12:03:55,170.245.134.220,10.254.156.51,login_success
2025-09-11 19:25:09,118.106.205.168,10.127.165.2,firewall_block
2025-08-21 00:40:11,211.115.56.203,10.126.156.93,login_success
2025-09-16 02:24:56,89.140.47.59,10.126.156.93,login_success
2025-09-01 00:28:26,19.15.90.54,10.233.184.156,login_success
2025-09-05 07:12:01,114.181.183.110,10.102.111.205,login_success
2025-08-18 20:56:49,62.131.51.119,10.102.111.205,firewall_block
2025-08-23 15:29:24,211.115.56.203,10.203.152.54,login_success
2025-09-13 01:07:44,22.166.118.36,10.184.252.173,login_success
2025-09-05 01:05:18,184.109.193.178,10.233.121.133,login_success
2025-08-20 00:14:18,19.15.90.54,10.85.17.64,login_success
2025-08-21 20:24:08,48.93.150.147,10.254.156.51,login_success
2025-08-20 09:15:33,166.61.150.57,10.126.156.93,firewall_block
2025-09-06 09:20:08,196.161.166.214,10.220.78.158,login_success
2025-09-08 08:19:18,173.207.55.180,10.237.126.123,login_success
2025-08-19 15:35:20,212.9.40.249,10.175.225.157,firewall_block
2025-08-25 01:00:28,173.207.55.180,10.85.17.64,firewall_block
2025-08-25 22:36:55,139.192.89.67,10.98.221.152,login_success
2025-09-04 05:19:49,114.181.183.110,10.237.126.123,login_failure
2025-08-26 08:55:18,131.226.130.177,10.184.252.173,login_success
2025-08-19 06:39:20,197.238.12.112,10.76.207.32,login_success
2025-08-20 14:55:35,173.207.55.180,10.248.164.54,login_success
2025-08-31 02:18:42,114.181.183.110,10.76.207.32,login_success
2025-09-02 04:49:54,22.166.118.36,10.175.225.157,login_success
2025-09-06 18:24:34,160.254.185.11,10.189.136.182,login_success
2025-08-24 01:58:27,165.141.227.122,10.209.29.146,login_success
2025-08-22 08:13:42,157.26.34.53,10.58.170.142,login_success
2025-09-12 18:48:15,131.186.166.141,10.121.66.40,login_success
2025-08-19 02:46:49,189.46.210.80,10.244.193.86,login_success
2025-08-23 16:43:11,87.252.231.125,10.84.141.65,login_success
,131.186.166.141,10.195.128.217,firewall_block
2025-09-12 22:48:30,17.160.104.119,10.117.118.85,login_success
2025-09-08 10:25:33,22.166.118.36,10.32.71.160,login_success
2025-08-19 03:41:13,139.192.89.67,10.24.213.23,data_exfiltration
2025-08-20 10:01:13,211.115.56.203,10.5.212.107,login_success
2025-09-06 10:14:51,29.222.75.248,10.248.69.50,login_failure
2025-08-31 02:18:17,114.181.183.110,10.5.212.107,login_success
2025-08-28 11:23:13,48.93.150.147,10.36.242.158,login_success
2025-09-07 11:05:47,214.83.98.61,10.244.193.86,login_success
2025-09-04 02:30:18,18.39.34.252,10.128.238.241,login_success
2025-08-25 19:19:13,189.15.51.25,10.135.148.253,login_success
,57.113.92.145,10.209.29.146,multiple_login_failures
2025-09-11 02:42:17,153.110.229.202,10.76.207.32,login_success
2025-09-03 08:25:50,22.3.92.244,10.237.126.123,login_success
2025-08-21 04:32:20,22.3.92.244,10.140.217.103,login_success
2025-08-21 06:47:59,84.39.199.219,10.127.165.2,login_success
2025-08-23 15:37:11,153.110.229.202,10.41.128.19,login_success
,152.128.231.29,10.36.242.158,login_success
2025-09-06 10:36:21,108.55.118.129,10.254.41.59,login_success
2025-09-13 01:09:28,208.67.245.11,10.65.181.78,login_success
2025-08-20 08:43:18,2.26.5.241,10.29.115.193,login_success
2025-09-04 02:59:50,157.26.34.53,10.127.165.2,login_success
2025-09-05 03:28:33,114.181.183.110,10.126.156.93,login_success
2025-09-15 19:46:07,62.131.51.119,10.36.242.158,login_success
2025-08-19 06:54:29,184.109.193.178,10.140.217.103,login_success
2025-09-01 13:30:38,170.245.134.220,10.203.152.54,login_success
2025-09-05 00:51:10,20.147.215.226,10.89.69.224,login_success
2025-09-10 12:43:28,84.117.200.59,10.85.17.64,multiple_login_failures
2025-09-12 02:02:32,19.15.90.54,10.36.242.158,login_success
2025-08-23 01:34:10,65.46.153.44,10.128.238.241,login_success
2025-08-30 18:41:21,20.147.215.226,10.131.95.11,privilege_escalation
2025-09-09 15:20:39,196.161.166.214,10.131.95.11,login_success
2025-08-22 17:37:10,63.39.2.11,10.20.81.30,login_failure
2025-08-20 17:57:00,208.67.245.11,10.126.156.93,login_success
2025-09-04 17:37:01,84.117.200.59,10.76.207.32,login_success
2025-09-01 03:12:18,14.17.32.102,10.135.148.253,privilege_escalation
2025-09-09 03:17:39,22.3.92.244,10.244.193.86,privilege_escalation
2025-09-13 19:24:57,58.116.143.183,10.73.49.67,malware_detected
2025-09-05 07:25:48,197.238.12.112,10.195.128.217,firewall_block
2025-09-07 01:22:02,19.15.90.54,10.32.71.160,login_success
2025-08-26 14:28:00,29.62.68.194,10.5.212.107,login_success
2025-08-25 19:36:57,62.131.51.119,10.126.156.93,login_success
2025-09-07 09:42:23,5.13.30.74,10.12.79.172,login_success
2025-08-21 04:29:54,2.26.5.241,10.131.95.11,login_success
2025-09-01 00:05:23,90.75.85.176,10.248.164.54,login_failure
2025-09-01 01:25:41,184.109.193.178,10.11.113.86,login_success
2025-08-23 01:37:00,90.75.85.176,10.131.95.11,login_success
,118.106.205.168,10.73.49.67,privilege_escalation
2025-09-02 21:32:49,222.243.232.65,10.85.17.64,login_success
2025-09-08 00:03:08,108.55.118.129,10.98.221.152,login_success
2025-08-20 21:32:26,48.60.74.239,10.254.156.51,login_success
2025-09-15 08:03:28,108.55.118.129,10.128.238.241,login_success
2025-08-22 16:17:37,48.60.74.239,10.73.49.67,login_success
2025-08-23 08:11:32,39.172.76.115,10.121.66.40,login_success
2025-09-07 12:32:06,184.109.193.178,10.175.225.157,login_success
2025-09-03 10:05:59,182.179.40.58,10.86.137.117,multiple_login_failures
2025-08-19 13:27:29,211.115.56.203,10.220.78.158,login_success
2025-09-12 01:37:08,2.9.12.134,10.248.164.54,login_success
2025-09-14 19:57:04,114.181.183.110,10.195.128.217,login_failure
2025-08-28 20:15:04,5.13.30.74,10.89.69.224,firewall_block
2025-08-18 19:59:04,49.14.108.160,10.76.207.32,login_success
2025-09-16 04:11:44,57.113.92.145,10.233.121.133,login_failure
2025-09-12 21:46:23,173.207.55.180,10.175.225.157,login_success
2025-08-20 04:25:57,185.44.12.177,10.85.17.64,login_success
2025-09-14 12:53:15,65.46.153.44,10.5.212.107,login_success
2025-09-13 18:37:35,2.26.5.241,10.12.79.172,login_success
2025-09-03 09:43:50,189.46.210.80,10.128.238.241,login_success
2025-08-30 10:55:45,29.62.68.194,10.98.221.152,login_success
2025-08-28 01:58:05,222.243.232.65,10.171.52.38,login_success
2025-09-12 14:31:01,157.26.34.53,10.247.144.186,login_success
2025-09-11 04:17:11,65.46.153.44,10.58.170.142,firewall_block
2025-08-18 22:11:45,63.39.2.11,10.127.165.2,data_exfiltration
2025-09-09 05:41:04,77.140.198.216,10.184.252.173,login_success
2025-08-19 23:15:05,108.55.118.129,10.41.128.19,login_success
2025-09-10 10:25:28,173.207.55.180,10.12.79.172,login_failure
2025-09-05 23:51:00,102.165.220.144,10.192.246.255,login_success
2025-09-16 06:26:09,22.166.118.36,10.76.207.32,login_success
2025-08-31 21:57:56,9.43.12.22,10.237.126.123,login_success
2025-09-12 09:21:13,48.60.74.239,10.35.35.27,login_success
2025-08-22 16:42:51,166.61.150.57,10.192.246.255,login_success
2025-09-11 02:23:43,139.192.89.67,10.127.165.2,login_success
2025-08-25 22:59:33,182.179.40.58,10.171.52.38,login_success
2025-09-06 05:09:38,215.16.153.80,10.127.165.2,login_success
2025-08-21 12:40:27,166.61.150.57,10.35.35.27,firewall_block
2025-09-08 19:16:00,151.44.127.98,10.184.252.173,login_success
2025-08-18 03:00:52,208.67.245.11,10.171.52.38,login_success
2025-09-11 12:31:13,131.226.130.177,10.195.128.217,login_success
2025-08-21 04:26:41,211.115.56.203,10.73.49.67,login_success
2025-08-29 16:23:34,190.31.80.45,10.209.29.146,login_success
2025-09-03 03:50:19,57.113.92.145,10.128.238.241,login_success
2025-08-18 10:31:54,182.179.40.58,10.192.246.255,login_success
2025-09-13 07:43:59,131.186.166.141,10.12.79.172,login_success
2025-09-11 14:34:15,2.231.158.140,10.24.213.23,login_success
2025-09-01 11:17:23,19.15.90.54,10.98.221.152,login_success
2025-09-03 19:54:54,89.140.47.59,10.254.41.59,login_success
2025-08-20 23:01:07,166.61.150.57,10.24.213.23,login_failure
2025-09-03 08:49:53,139.192.89.67,10.135.148.253,login_success
2025-08-25 20:11:58,108.55.118.129,10.36.242.158,login_success
2025-09-10 13:06:43,157.26.34.53,10.195.128.217,multiple_login_failures
2025-09-13 09:50:02,57.113.92.145,10.31.97.222,login_success
2025-08-24 23:04:03,6.230.67.222,10.73.49.67,login_success
2025-08-31 20:30:24,5.13.30.74,10.114.88.9,multiple_login_failures
2025-09-12 12:09:40,196.161.166.214,10.102.111.205,login_success
2025-09-05 23:40:36,48.93.150.147,10.180.103.210,login_success
2025-09-07 10:24:08,75.139.139.135,10.128.238.241,login_failure
2025-08-19 07:06:59,48.60.74.239,10.203.152.54,login_success
2025-09-14 19:03:26,2.231.158.140,10.84.141.65,login_success
2025-09-13 10:27:20,160.254.185.11,10.203.152.54,login_success
2025-08-17 20:47:11,51.137.157.215,10.135.148.253,login_success
2025-08-30 09:19:10,197.238.12.112,10.102.111.205,login_success
2025-09-15 09:08:16,17.160.104.119,10.114.88.9,login_success
2025-08-26 10:25:28,114.181.183.110,10.35.35.27,login_success
2025-09-05 07:00:41,157.26.34.53,10.140.217.103,login_success
2025-09-01 06:04:22,215.16.153.80,10.175.225.157,login_success
2025-08-21 20:12:41,19.15.90.54,10.126.156.93,login_success
2025-09-03 17:40:22,153.110.229.202,10.86.137.117,login_failure
2025-09-07 06:27:36,18.39.34.252,10.184.252.173,login_success
2025-09-11 07:18:16,156.137.171.201,10.31.97.222,login_success
2025-08-23 20:28:05,68.232.16.104,10.203.152.54,login_success
2025-09-09 19:43:48,156.137.171.201,10.65.181.78,login_success
2025-09-03 13:25:40,118.106.205.168,10.254.156.51,login_success
2025-08-19 01:14:24,29.62.68.194,10.5.212.107,login_success
2025-08-21 10:48:40,2.231.158.140,10.36.242.158,login_success
2025-09-01 14:01:01,157.26.34.53,10.195.128.217,login_success
2025-09-03 01:10:49,189.15.51.25,10.180.103.210,login_success
2025-08-28 04:00:54,63.39.2.11,10.237.126.123,login_success
2025-08-25 13:07:28,22.166.118.36,10.220.78.158,login_success
2025-08-20 20:10:05,39.172.76.115,10.73.49.67,login_success
2025-09-02 05:35:20,118.106.205.168,10.127.165.2,login_success
2025-08-27 21:55:59,65.46.153.44,10.248.69.50,login_success
2025-08-24 13:04:27,17.160.104.119,10.171.52.38,login_success
2025-09-09 23:27:07,5.13.30.74,10.73.49.67,login_success
2025-08-31 03:23:57,160.254.185.11,10.180.103.210,firewall_block
2025-08-30 18:26:09,131.226.130.177,10.76.207.32,login_success
2025-08-18 09:23:26,68.232.16.104,10.98.221.152,login_success
2025-09-16 02:34:44,215.16.153.80,10.171.52.38,login_success
2025-09-15 06:09:01,102.165.220.144,10.203.152.54,login_success
2025-08-30 05:16:35,165.141.227.122,10.135.148.253,login_success
2025-08-24 02:09:04,222.243.232.65,10.58.170.142,login_success
2025-08-24 17:33:02,215.16.153.80,10.65.181.78,login_success
2025-09-12 20:50:35,215.16.153.80,10.114.88.9,login_success
2025-08-22 18:19:08,151.44.127.98,10.254.41.59,login_success
2025-08-24 08:01:44,118.106.205.168,10.189.136.182,login_failure
2025-08-19 02:43:20,114.9.108.125,10.189.136.182,login_success
2025-08-19 04:28:57,154.112.4.176,10.135.148.253,login_success
2025-08-18 15:15:33,131.186.166.141,10.36.242.158,login_success
2025-09-09 01:04:26,208.67.245.11,10.192.246.255,login_failure
2025-09-11 21:37:26,185.44.12.177,10.85.17.64,login_failure
2025-09-01 10:59:47,49.14.108.160,10.233.184.156,login_success
2025-09-14 23:59:24,63.39.2.11,10.117.118.85,malware_detected
2025-08-28 05:41:48,18.39.34.252,10.254.156.51,firewall_block
2025-08-17 22:36:08,68.232.16.104,10.128.238.241,login_failure
2025-08-17 16:36:21,215.16.153.80,10.254.156.51,login_success
2025-08-23 01:22:10,48.60.74.239,10.247.144.186,login_success
2025-08-17 13:07:40,152.128.231.29,10.171.52.38,login_success
2025-09-15 15:42:34,133.11.220.79,10.29.115.193,login_success
2025-08-30 18:58:33,37.165.84.25,10.29.115.193,login_success
2025-08-28 21:02:59,37.47.139.16,10.254.156.51,login_success
2025-08-31 17:44:02,60.215.13.253,10.12.79.172,login_success
2025-08-25 02:07:50,29.222.75.248,10.29.115.193,login_success
2025-08-18 21:02:54,185.44.12.177,10.58.170.142,login_success
2025-09-08 17:11:22,125.166.25.121,10.237.126.123,malware_detected
2025-08-20 13:22:17,65.46.153.44,10.233.184.156,login_success
2025-08-24 11:54:32,108.55.118.129,10.86.137.117,login_success
2025-08-27 01:26:21,173.207.55.180,10.76.207.32,login_success
,90.75.85.176,10.233.184.156,login_success
2025-08-20 05:55:18,37.165.84.25,10.32.71.160,firewall_block
2025-08-26 22:16:19,29.222.75.248,10.29.115.193,firewall_block
2025-08-27 07:44:28,151.44.127.98,10.131.95.11,login_success
2025-08-22 19:13:00,22.3.92.244,10.209.29.146,login_success
2025-08-25 22:33:15,19.15.90.54,10.114.88.9,login_success
2025-09-12 11:04:58,197.238.12.112,10.84.141.65,login_success
2025-09-13 02:41:18,160.254.185.11,10.195.128.217,login_success
2025-09-11 11:30:47,131.226.130.177,10.11.113.86,login_success
2025-08-23 16:22:51,58.116.143.183,10.76.207.32,multiple_login_failures
2025-08-23 20:30:05,182.179.40.58,10.248.69.50,login_success
2025-08-21 10:53:34,17.160.104.119,10.233.184.156,login_success
2025-08-27 17:05:58,29.62.68.194,10.114.88.9,login_success
2025-08-31 13:22:58,75.139.139.135,10.128.238.241,login_success
2025-08-25 05:09:45,182.179.40.58,10.100.88.45,login_success
2025-08-29 13:26:42,138.148.45.217,10.5.212.107,login_success
2025-08-27 16:08:58,39.172.76.115,10.11.113.86,privilege_escalation
2025-09-14 01:26:39,89.139.79.18,10.237.126.123,login_success
2025-09-01 14:34:58,185.44.12.177,10.233.121.133,login_success
2025-09-01 02:01:58,165.141.227.122,10.192.246.255,firewall_block
2025-09-02 23:40:22,140.231.217.93,10.11.113.86,multiple_login_failures
2025-09-08 02:10:27,90.75.85.176,10.254.156.51,firewall_block
2025-09-06 20:38:24,49.14.108.160,10.121.66.40,login_success
2025-08-17 16:14:11,211.115.56.203,10.233.121.133,login_success
2025-09-12 19:25:54,84.117.200.59,10.121.66.40,login_failure
2025-09-15 03:15:59,65.46.153.44,10.209.29.146,login_failure
2025-08-21 09:30:32,214.83.98.61,10.5.212.107,login_success
2025-08-19 08:53:02,51.190.67.137,10.29.115.193,login_failure
2025-09-05 01:45:54,29.62.68.194,10.12.79.172,login_success
2025-08-31 05:03:06,51.190.67.137,10.32.71.160,login_success
2025-09-06 20:44:25,211.115.56.203,10.203.152.54,login_success
2025-08-19 11:58:51,2.26.5.241,10.85.17.64,login_success
2025-08-31 12:53:34,90.75.85.176,10.135.148.253,login_success
2025-08-25 06:18:22,2.9.12.134,10.35.35.27,firewall_block
2025-09-08 23:11:17,125.166.25.121,10.180.103.210,login_success
2025-09-04 04:37:58,133.11.220.79,10.135.148.253,login_success
2025-09-14 03:25:28,48.93.150.147,10.102.111.205,login_success
2025-08-26 05:12:47,131.186.166.141,10.84.141.65,login_success
2025-09-12 08:49:28,211.115.56.203,10.85.17.64,login_success
2025-08-19 19:39:53,211.115.56.203,10.114.88.9,login_failure
2025-08-27 22:00:07,170.245.134.220,10.248.69.50,login_success
2025-09-13 05:33:02,154.112.4.176,10.140.217.103,login_success
2025-08-26 08:26:33,108.55.118.129,10.84.141.65,login_success
2025-09-08 05:52:32,84.39.199.219,10.20.81.30,firewall_block
2025-08-25 15:18:52,84.117.200.59,10.203.152.54,login_success
2025-09-15 12:06:22,222.230.139.179,10.32.71.160,login_success
2025-08-31 01:44:21,57.113.92.145,10.76.207.32,login_success
2025-08-31 19:23:50,22.166.118.36,10.65.181.78,firewall_block
2025-09-11 21:05:33,84.117.200.59,10.73.49.67,firewall_block
2025-09-04 13:20:44,17.160.104.119,10.100.88.45,login_success
2025-08-24 17:38:39,160.254.185.11,10.248.69.50,login_success
2025-08-23 09:44:07,17.160.104.119,10.233.184.156,multiple_login_failures
2025-08-17 16:26:53,222.230.139.179,10.237.126.123,login_success
2025-08-20 07:46:06,49.14.108.160,10.189.136.182,multiple_login_failures
2025-09-10 07:27:50,139.192.89.67,10.254.41.59,firewall_block
2025-09-13 11:38:14,151.44.127.98,10.180.103.210,login_success
2025-09-07 16:56:53,212.9.40.249,10.58.170.142,login_success
2025-08-29 07:17:00,173.207.55.180,10.35.35.27,login_success
2025-09-09 08:44:27,58.116.143.183,10.237.126.123,login_success
2025-08-22 07:22:13,182.179.40.58,10.100.88.45,login_success
2025-09-14 23:00:12,152.128.231.29,10.36.242.158,login_failure
2025-08-18 01:05:35,18.39.34.252,10.89.69.224,login_success
2025-09-07 03:13:03,166.61.150.57,10.36.242.158,login_success
2025-08-28 19:43:35,18.39.34.252,10.171.52.38,login_success
2025-08-21 14:15:45,114.9.108.125,10.127.165.2,login_success
2025-08-20 23:25:27,120.119.70.88,10.175.225.157,login_success
2025-08-23 04:10:03,49.14.108.160,10.114.88.9,login_success
2025-08-19 18:48:52,166.61.150.57,10.195.128.217,login_success
2025-08-31 21:43:16,138.148.45.217,10.102.111.205,firewall_block
2025-09-03 08:07:39,2.231.158.140,10.85.17.64,multiple_login_failures
2025-08-23 07:14:58,39.172.76.115,10.89.69.224,firewall_block
2025-09-03 15:42:32,214.83.98.61,10.247.144.186,login_failure
2025-09-10 04:23:53,184.109.193.178,10.41.128.19,login_success
2025-09-08 11:58:04,125.166.25.121,10.233.121.133,login_failure
2025-08-19 21:38:02,131.226.130.177,10.58.170.142,login_success
2025-09-03 23:21:46,156.137.171.201,10.100.88.45,login_success
2025-09-15 09:22:27,189.15.51.25,10.135.148.253,login_success
2025-08-23 06:02:08,165.141.227.122,10.126.156.93,login_success
2025-08-29 00:56:14,184.109.193.178,10.126.156.93,login_success
2025-09-16 07:05:45,48.93.150.147,10.127.165.2,login_success
2025-09-01 18:25:08,51.190.67.137,10.76.207.32,login_failure
2025-09-12 10:56:57,2.26.5.241,10.114.88.9,login_success
2025-08-20 22:38:10,17.160.104.119,10.220.78.158,login_success
2025-09-06 12:22:14,49.14.108.160,10.5.212.107,login_success
2025-09-11 01:56:14,22.166.118.36,10.31.97.222,login_success
2025-08-23 10:02:12,89.139.79.18,10.247.144.186,login_success
2025-08-19 07:40:14,90.75.85.176,10.233.121.133,login_success
2025-08-31 23:56:48,170.245.134.220,10.41.128.19,login_success
2025-09-10 18:08:20,108.55.118.129,10.175.225.157,
2025-08-25 17:33:43,19.15.90.54,10.127.165.2,login_success
2025-09-05 20:25:09,151.44.127.98,10.114.88.9,login_success
2025-08-19 12:18:28,22.166.118.36,10.140.217.103,firewall_block
2025-09-06 07:44:29,77.140.198.216,10.73.49.67,login_success
2025-08-18 09:42:14,57.113.92.145,10.220.78.158,login_success
2025-09-14 22:17:53,102.165.220.144,10.209.29.146,login_success
2025-09-12 09:29:07,48.60.74.239,10.11.113.86,login_success
2025-09-03 15:58:06,157.26.34.53,10.73.49.67,login_success
2025-08-30 09:37:44,154.112.4.176,10.189.136.182,login_success
2025-09-11 01:42:24,5.13.30.74,10.126.156.93,login_success
2025-08-21 20:59:50,184.23.13.181,10.65.181.78,login_success
2025-08-20 16:58:36,165.141.227.122,10.244.193.86,login_success
2025-08-31 10:40:13,184.109.193.178,10.84.141.65,login_success
2025-08-28 19:08:34,190.31.80.45,10.73.49.67,login_success
2025-08-21 23:31:54,165.141.227.122,10.12.79.172,login_success
2025-08-31 06:39:15,22.166.118.36,10.65.181.78,firewall_block
2025-09-16 07:26:19,214.83.98.61,10.254.41.59,login_success
2025-09-10 07:12:42,182.179.40.58,10.65.181.78,login_success
2025-08-24 00:45:40,63.39.2.11,10.114.88.9,login_success
2025-08-21 07:34:17,19.15.90.54,10.244.193.86,login_success
2025-09-10 13:52:42,212.9.40.249,10.131.95.11,firewall_block
2025-08-26 17:12:35,222.243.232.65,10.12.79.172,login_success
2025-08-30 13:50:50,68.232.16.104,10.114.88.9,login_success
2025-09-08 16:01:36,62.131.51.119,10.195.128.217,login_success
2025-09-04 05:10:56,196.161.166.214,10.175.225.157,login_success
2025-09-11 14:32:56,151.44.127.98,10.203.152.54,login_success
2025-09-03 16:08:05,24.177.218.106,10.98.221.152,login_success
2025-09-01 05:17:29,29.222.75.248,10.100.88.45,login_success
2025-08-28 06:11:02,29.222.75.248,10.35.35.27,login_success
2025-08-28 04:13:05,114.9.108.125,10.36.242.158,multiple_login_failures
2025-09-15 04:16:49,84.117.200.59,10.131.95.11,login_success
2025-09-09 15:40:24,6.230.67.222,10.36.242.158,login_success
2025-08-25 23:18:58,14.17.32.102,10.98.221.152,firewall_block
2025-08-26 04:30:17,22.166.118.36,10.244.193.86,login_success
2025-08-31 03:59:04,140.231.217.93,10.220.78.158,login_success
2025-09-05 23:27:04,185.44.12.177,10.248.69.50,login_success
2025-09-16 01:17:38,211.115.56.203,10.237.126.123,login_success
2025-08-20 03:02:24,211.115.56.203,10.121.66.40,login_success
2025-09-07 04:35:24,19.15.90.54,10.89.69.224,login_success
2025-09-09 03:14:55,51.137.157.215,10.65.181.78,login_success
2025-09-03 14:14:54,118.106.205.168,10.220.78.158,login_success
2025-08-28 20:15:57,51.137.157.215,10.36.242.158,login_success
2025-08-21 19:35:23,65.46.153.44,10.175.225.157,login_success
2025-08-24 00:04:09,22.166.118.36,10.128.238.241,login_success
2025-09-10 06:44:32,57.113.92.145,10.85.17.64,login_failure
2025-09-10 20:24:54,165.141.227.122,10.29.115.193,login_failure
2025-09-07 19:18:18,37.47.139.16,10.254.41.59,login_success
2025-08-28 06:18:14,151.44.127.98,10.29.115.193,login_success
2025-09-15 20:53:50,153.110.229.202,10.102.111.205,login_success
2025-09-04 12:08:29,157.26.34.53,10.233.184.156,login_success
2025-09-10 04:11:35,208.67.245.11,10.244.193.86,login_success
2025-09-14 22:08:10,151.44.127.98,10.195.128.217,login_success
2025-08-25 08:44:26,14.17.32.102,10.32.71.160,login_success
2025-08-19 18:39:28,138.148.45.217,10.237.126.123,login_success
2025-09-01 06:25:05,222.230.139.179,10.126.156.93,login_success
2025-08-30 22:12:52,18.39.34.252,10.248.69.50,login_success
2025-09-06 00:21:27,58.116.143.183,10.58.170.142,login_success
2025-09-12 04:37:50,2.9.12.134,10.195.128.217,firewall_block
2025-09-11 23:40:13,197.238.12.112,10.114.88.9,login_failure
2025-09-10 17:07:52,125.166.25.121,10.20.81.30,login_success
2025-09-06 23:02:42,39.172.76.115,10.84.141.65,login_failure
2025-08-20 18:30:53,138.148.45.217,10.41.128.19,login_success
2025-09-01 00:48:48,102.165.220.144,10.254.156.51,login_success
2025-09-06 16:53:55,189.46.210.80,10.65.181.78,login_success
2025-08-22 08:43:23,189.15.51.25,10.35.35.27,login_success
2025-08-22 09:24:54,118.106.205.168,10.35.35.27,login_failure
2025-09-05 03:28:59,114.9.108.125,10.184.252.173,login_success
2025-08-27 08:27:11,29.62.68.194,10.84.141.65,login_success
2025-08-21 20:09:36,173.207.55.180,10.233.121.133,login_success
2025-08-31 19:32:08,154.112.4.176,10.126.156.93,login_success
2025-09-10 16:50:36,9.43.12.22,10.131.95.11,login_success
2025-09-03 09:55:59,152.128.231.29,10.244.193.86,login_success
2025-09-08 09:47:10,166.61.150.57,10.192.246.255,login_success
2025-08-29 02:40:29,89.139.79.18,10.189.136.182,login_success
2025-09-08 06:06:08,196.161.166.214,10.233.184.156,data_exfiltration
2025-08-25 15:07:25,5.13.30.74,10.5.212.107,firewall_block
2025-09-10 08:19:18,173.207.55.180,10.209.29.146,login_success
2025-09-14 22:12:49,65.46.153.44,10.237.126.123,login_success
2025-08-25 07:17:43,19.15.90.54,10.29.115.193,login_success
2025-09-05 22:53:30,215.16.153.80,10.98.221.152,login_success
2025-09-11 05:10:03,160.254.185.11,10.35.35.27,login_success
2025-08-25 05:44:52,2.26.5.241,10.20.81.30,login_success
2025-08-18 04:47:42,118.106.205.168,10.254.156.51,login_success
2025-09-05 07:40:59,29.62.68.194,10.127.165.2,login_success
2025-08-26 06:24:43,139.192.89.67,10.131.95.11,login_success
2025-08-20 02:53:49,118.106.205.168,10.76.207.32,login_success
2025-09-16 10:02:31,51.190.67.137,10.84.141.65,login_success
2025-09-09 23:42:23,108.55.118.129,10.121.66.40,login_success
2025-08-18 23:07:41,189.15.51.25,10.100.88.45,login_success
2025-08-31 09:16:06,173.207.55.180,10.31.97.222,login_success
2025-09-12 05:51:53,185.44.12.177,10.237.126.123,login_success
2025-08-20 21:32:25,65.46.153.44,10.237.126.123,firewall_block
2025-09-10 18:01:19,68.232.16.104,10.102.111.205,data_exfiltration
2025-09-01 03:15:33,51.137.157.215,10.86.137.117,login_success
2025-09-08 15:59:57,156.137.171.201,10.233.121.133,login_success
2025-08-31 11:29:28,157.26.34.53,10.76.207.32,login_success
2025-08-30 03:40:57,9.43.12.22,10.41.128.19,login_success
2025-08-19 18:57:38,156.137.171.201,10.98.221.152,firewall_block
2025-09-03 10:18:24,182.179.40.58,10.76.207.32,login_success
2025-08-28 23:42:54,60.215.13.253,10.127.165.2,login_success
2025-08-23 01:09:52,102.165.220.144,10.58.170.142,login_success
2025-08-18 20:48:11,182.179.40.58,10.203.152.54,login_success
2025-08-28 23:54:47,114.181.183.110,10.126.156.93,login_success
2025-09-14 19:39:30,189.46.210.80,10.76.207.32,firewall_block
2025-09-04 07:57:11,114.181.183.110,10.121.66.40,login_success
2025-08-24 12:04:17,2.9.12.134,10.171.52.38,firewall_block
2025-09-15 20:32:53,29.62.68.194,10.73.49.67,login_success
2025-08-20 11:24:57,140.231.217.93,10.247.144.186,login_success
2025-08-22 07:41:13,60.215.13.253,10.11.113.86,login_success
2025-09-09 18:09:06,57.113.92.145,10.195.128.217,login_success
2025-09-13 14:00:54,5.13.30.74,10.237.126.123,login_success
2025-08-31 02:46:58,20.147.215.226,10.140.217.103,login_failure
2025-09-02 00:00:22,22.166.118.36,10.36.242.158,login_success
2025-09-12 02:48:17,57.113.92.145,10.195.128.217,login_success
2025-09-06 18:14:43,151.44.127.98,10.180.103.210,malware_detected
2025-09-04 20:16:08,48.93.150.147,10.254.41.59,login_success
2025-09-08 04:28:57,9.43.12.22,10.32.71.160,firewall_block
2025-08-24 06:15:41,102.165.220.144,10.100.88.45,login_success
2025-09-07 22:10:32,214.83.98.61,10.126.156.93,login_success
2025-09-13 21:44:14,60.215.13.253,10.195.128.217,login_failure
2025-09-06 04:55:58,156.137.171.201,10.89.69.224,login_success
,51.137.157.215,10.233.121.133,login_success
2025-09-14 20:58:17,166.61.150.57,10.140.217.103,login_success
2025-09-07 16:19:02,160.254.185.11,10.254.41.59,login_success
2025-08-27 10:05:47,184.109.193.178,10.98.221.152,login_success
2025-09-01 16:51:16,51.137.157.215,10.84.141.65,login_success
2025-08-20 18:48:27,166.61.150.57,10.128.238.241,privilege_escalation
2025-09-14 21:19:41,84.39.199.219,10.20.81.30,login_success
2025-08-23 01:04:15,48.93.150.147,10.209.29.146,login_success
2025-08-26 20:34:23,154.112.4.176,10.203.152.54,login_success
2025-09-12 13:04:33,138.148.45.217,10.195.128.217,login_success
2025-09-11 07:32:26,14.17.32.102,10.195.128.217,login_success
2025-08-21 09:36:58,185.44.12.177,10.114.88.9,login_success
2025-08-21 20:45:24,198.240.3.187,10.114.88.9,firewall_block
2025-09-14 05:54:26,198.240.3.187,10.140.217.103,login_success
2025-09-15 11:04:51,2.9.12.134,10.131.95.11,login_success
2025-08-31 15:32:28,87.252.231.125,10.100.88.45,login_success
2025-09-08 12:55:40,5.13.30.74,10.89.69.224,firewall_block
2025-09-09 06:48:56,84.39.199.219,10.248.164.54,login_success
2025-08-17 18:10:23,2.26.5.241,10.254.156.51,firewall_block
2025-08-18 12:49:55,87.252.231.125,10.102.111.205,login_success
2025-09-16 09:44:24,19.15.90.54,10.65.181.78,login_success
2025-09-06 04:30:44,87.252.231.125,10.233.121.133,login_success
2025-09-06 10:26:09,58.116.143.183,10.73.49.67,login_failure
2025-08-25 12:36:31,151.44.127.98,10.254.156.51,login_success
2025-08-22 15:14:25,190.31.80.45,10.29.115.193,login_success
2025-09-10 05:29:29,48.93.150.147,10.24.213.23,login_success
2025-09-12 11:51:59,214.83.98.61,10.131.95.11,login_success
2025-08-24 16:57:43,19.15.90.54,10.98.221.152,login_success
2025-08-24 07:15:52,185.44.12.177,10.175.225.157,login_success
2025-08-21 03:55:48,29.222.75.248,10.254.41.59,login_success
2025-08-30 01:44:03,131.186.166.141,10.98.221.152,login_success
2025-08-23 08:55:27,22.166.118.36,10.11.113.86,login_success
2025-08-30 23:09:55,131.226.130.177,10.244.193.86,login_success
2025-08-21 12:47:17,170.245.134.220,10.121.66.40,login_failure
2025-08-22 16:54:41,160.254.185.11,10.128.238.241,login_success
2025-08-24 12:12:54,222.230.139.179,10.114.88.9,login_success
2025-08-29 22:12:21,166.61.150.57,10.195.128.217,login_success
2025-09-07 02:30:10,215.16.153.80,10.140.217.103,login_success
2025-08-29 07:54:17,125.166.25.121,10.5.212.107,login_success
2025-09-11 15:53:52,166.61.150.57,10.126.156.93,login_success
2025-09-01 07:40:26,51.137.157.215,10.248.164.54,firewall_block
2025-08-31 11:08:36,114.9.108.125,10.89.69.224,login_success
2025-08-30 02:59:55,51.137.157.215,10.220.78.158,login_success
2025-09-02 11:54:03,152.128.231.29,10.35.35.27,login_success
2025-08-28 01:09:29,151.44.127.98,10.135.148.253,login_success
2025-09-11 00:03:02,60.215.13.253,10.192.246.255,login_success
2025-09-11 15:58:49,2.9.12.134,10.121.66.40,login_success
2025-08-30 15:42:45,22.166.118.36,10.180.103.210,firewall_block
2025-09-10 00:27:31,6.230.67.222,10.131.95.11,login_success
2025-08-27 20:02:35,108.55.118.129,10.84.141.65,login_failure
2025-09-07 04:18:15,22.3.92.244,10.31.97.222,firewall_block
2025-08-30 05:30:30,133.11.220.79,10.254.41.59,
2025-09-04 10:37:57,151.44.127.98,10.84.141.65,login_failure
2025-08-24 00:10:23,22.3.92.244,10.102.111.205,login_success
2025-09-06 13:13:07,2.231.158.140,10.31.97.222,login_success
2025-08-20 22:19:07,215.16.153.80,10.5.212.107,login_success
2025-09-13 19:42:24,2.26.5.241,10.12.79.172,login_success
2025-09-10 15:42:33,139.192.89.67,10.233.184.156,login_success
2025-08-28 20:37:59,48.60.74.239,10.254.41.59,login_failure
2025-08-27 11:52:10,211.115.56.203,10.58.170.142,login_success
2025-08-31 08:40:58,37.47.139.16,10.32.71.160,login_success
2025-08-25 11:55:07,77.140.198.216,10.117.118.85,login_success
2025-09-10 12:48:08,84.39.199.219,10.171.52.38,login_success
2025-08-21 03:06:33,185.44.12.177,10.65.181.78,login_success
2025-08-22 08:24:56,51.137.157.215,10.254.41.59,login_success
2025-09-07 23:35:33,222.243.232.65,10.171.52.38,login_success
2025-09-15 02:17:19,166.61.150.57,10.32.71.160,login_success
2025-08-22 19:10:29,222.230.139.179,10.41.128.19,login_success
2025-09-03 19:42:08,190.31.80.45,10.175.225.157,multiple_login_failures
2025-08-26 17:37:54,166.61.150.57,10.254.41.59,login_success
2025-08-17 12:40:41,2.9.12.134,10.29.115.193,malware_detected
2025-09-05 05:03:43,65.46.153.44,10.135.148.253,malware_detected
2025-09-01 20:06:04,51.137.157.215,10.98.221.152,login_success
2025-09-09 06:36:53,182.179.40.58,10.35.35.27,login_failure
2025-08-29 03:55:51,17.160.104.119,10.233.184.156,login_success
2025-09-10 08:01:53,68.232.16.104,10.11.113.86,login_success
2025-08-28 03:16:42,139.192.89.67,10.127.165.2,login_success
2025-09-12 01:31:14,89.140.47.59,10.31.97.222,login_failure
2025-09-07 05:11:13,77.140.198.216,10.254.41.59,login_success
2025-09-01 22:52:52,212.9.40.249,10.254.41.59,login_failure
2025-08-24 04:49:08,184.109.193.178,10.126.156.93,login_success
2025-09-04 03:06:05,197.238.12.112,10.175.225.157,login_failure
2025-08-25 08:50:29,152.128.231.29,10.65.181.78,login_success
2025-09-09 22:18:57,84.117.200.59,10.32.71.160,login_success
2025-09-03 07:20:51,29.222.75.248,10.254.41.59,login_success
2025-09-12 05:30:45,197.238.12.112,10.203.152.54,login_success
2025-08-25 02:41:36,189.15.51.25,10.32.71.160,login_success
2025-09-03 10:12:15,22.3.92.244,10.248.69.50,login_success
2025-08-20 02:00:02,185.44.12.177,10.203.152.54,login_success
2025-09-04 07:30:05,154.112.4.176,10.89.69.224,login_success
2025-09-03 22:46:45,211.115.56.203,10.244.193.86,privilege_escalation
2025-09-08 11:51:52,68.232.16.104,10.24.213.23,login_success
2025-09-13 04:57:24,60.215.13.253,10.135.148.253,login_success
2025-08-30 16:19:08,153.110.229.202,10.209.29.146,login_success
2025-09-07 20:19:31,2.26.5.241,10.98.221.152,login_success
2025-08-29 05:52:05,120.119.70.88,10.84.141.65,login_success
2025-09-05 09:39:05,222.230.139.179,10.24.213.23,firewall_block
2025-09-10 21:44:06,29.62.68.194,10.89.69.224,login_success
2025-08-20 07:45:47,211.115.56.203,10.171.52.38,login_success
2025-08-24 18:26:39,48.93.150.147,10.175.225.157,login_success
2025-09-04 11:16:10,48.93.150.147,10.140.217.103,login_success
2025-08-20 05:55:09,114.9.108.125,10.237.126.123,login_success
2025-09-02 07:38:36,24.177.218.106,10.203.152.54,firewall_block
2025-09-14 07:42:08,160.254.185.11,10.127.165.2,login_success
2025-08-25 22:13:27,58.116.143.183,10.11.113.86,firewall_block
2025-08-20 19:34:18,212.9.40.249,10.100.88.45,login_success
2025-08-18 21:36:23,39.172.76.115,10.184.252.173,login_success
2025-08-26 01:58:14,196.161.166.214,10.140.217.103,login_success
2025-08-18 03:53:36,131.186.166.141,10.220.78.158,login_success
2025-08-21 21:12:01,156.137.171.201,10.20.81.30,login_success
2025-09-07 20:07:09,62.131.51.119,10.135.148.253,login_success
2025-08-30 18:14:35,222.230.139.179,10.102.111.205,login_success
2025-08-25 18:52:05,22.166.118.36,10.131.95.11,login_failure
2025-08-26 23:25:01,6.230.67.222,10.180.103.210,login_failure
2025-09-06 22:02:44,196.161.166.214,10.126.156.93,login_success
2025-09-09 00:30:57,184.109.193.178,10.184.252.173,login_failure
2025-08-24 22:56:45,184.109.193.178,10.128.238.241,login_success
2025-08-29 10:40:54,165.141.227.122,10.20.81.30,login_success
2025-08-30 06:04:34,182.179.40.58,10.195.128.217,login_success
2025-09-08 05:26:08,153.110.229.202,10.35.35.27,login_success
2025-09-10 16:21:04,211.115.56.203,10.171.52.38,login_success
2025-09-10 05:19:41,185.44.12.177,10.248.69.50,login_success
2025-08-29 14:43:37,166.61.150.57,10.175.225.157,login_success
2025-09-07 03:25:26,131.226.130.177,10.100.88.45,login_success
2025-09-12 08:12:52,212.9.40.249,10.175.225.157,login_success
2025-08-21 11:47:56,153.110.229.202,10.5.212.107,login_success
2025-08-24 08:31:20,151.44.127.98,10.128.238.241,login_success
2025-09-04 19:13:52,18.39.34.252,10.65.181.78,login_success
2025-09-02 17:14:35,140.231.217.93,10.84.141.65,login_success
2025-08-24 06:05:31,58.116.143.183,10.203.152.54,login_success
2025-08-29 23:27:50,215.16.153.80,10.31.97.222,login_success
2025-08-21 07:53:23,120.119.70.88,10.140.217.103,login_success
2025-08-20 00:46:26,153.110.229.202,10.121.66.40,login_success
2025-08-29 21:35:27,19.15.90.54,10.192.246.255,login_success
2025-09-11 13:07:50,190.31.80.45,10.233.184.156,login_success
2025-09-07 21:39:23,114.9.108.125,10.171.52.38,login_success
2025-09-16 02:55:37,89.139.79.18,10.131.95.11,login_success
2025-09-05 21:54:00,37.47.139.16,10.121.66.40,login_failure
2025-09-02 03:46:03,208.67.245.11,10.86.137.117,login_success
2025-08-20 04:47:23,125.166.25.121,10.140.217.103,login_success
2025-08-29 08:20:53,57.113.92.145,10.140.217.103,privilege_escalation
2025-09-05 07:54:39,114.181.183.110,10.117.118.85,login_success
2025-09-04 10:23:47,14.17.32.102,10.41.128.19,firewall_block
2025-08-23 20:45:25,190.31.80.45,10.254.156.51,login_success
2025-09-02 18:42:55,62.131.51.119,10.127.165.2,login_failure
2025-09-05 03:05:07,17.160.104.119,10.89.69.224,login_success
2025-08-20 19:24:24,48.93.150.147,10.233.184.156,login_success
2025-09-11 01:58:12,189.15.51.25,10.254.156.51,login_success
2025-09-13 19:16:56,20.147.215.226,10.254.41.59,login_success
2025-08-23 20:08:13,37.165.84.25,10.85.17.64,login_success
2025-09-06 07:11:04,120.119.70.88,10.35.35.27,login_success
2025-09-11 05:00:28,114.181.183.110,10.233.121.133,login_failure
2025-08-23 21:13:16,197.238.12.112,10.121.66.40,firewall_block
2025-09-09 00:19:00,185.44.12.177,10.89.69.224,login_success
2025-08-30 11:37:32,211.115.56.203,10.31.97.222,login_success
2025-09-11 10:08:28,84.39.199.219,10.175.225.157,firewall_block
2025-09-07 09:25:42,2.231.158.140,10.180.103.210,privilege_escalation
2025-09-15 04:35:12,68.232.16.104,10.131.95.11,login_success
2025-08-27 01:40:29,60.215.13.253,10.126.156.93,login_failure
2025-08-28 09:35:47,139.192.89.67,10.248.69.50,multiple_login_failures
2025-08-18 09:21:31,2.9.12.134,10.29.115.193,firewall_block
2025-09-13 15:49:06,89.140.47.59,10.220.78.158,login_success
2025-09-03 05:40:47,57.113.92.145,10.180.103.210,login_success
2025-08-24 02:28:34,63.39.2.11,10.41.128.19,login_success
2025-09-02 03:53:34,63.39.2.11,10.31.97.222,login_success
2025-08-26 21:18:38,20.147.215.226,10.11.113.86,login_success
2025-08-19 10:00:32,215.16.153.80,10.131.95.11,login_success
2025-08-17 17:00:50,14.17.32.102,10.127.165.2,login_failure
2025-08-26 19:05:03,138.148.45.217,10.131.95.11,login_success
2025-09-14 17:43:16,29.62.68.194,10.84.141.65,login_success
2025-08-25 22:44:18,39.172.76.115,10.35.35.27,login_success
2025-08-28 20:35:48,63.39.2.11,10.73.49.67,login_success
2025-08-22 23:09:40,51.137.157.215,10.20.81.30,login_success
,63.39.2.11,10.209.29.146,login_success
2025-09-01 19:03:32,170.245.134.220,10.237.126.123,login_success
2025-08-22 13:28:52,151.44.127.98,10.89.69.224,login_success
2025-09-06 17:02:11,89.139.79.18,10.254.156.51,login_success
2025-09-08 17:37:49,5.13.30.74,10.12.79.172,login_success
2025-09-01 14:12:52,37.47.139.16,10.180.103.210,login_failure
2025-09-02 12:37:28,37.165.84.25,10.84.141.65,firewall_block
2025-09-14 12:59:28,197.238.12.112,10.41.128.19,login_success
2025-09-12 14:40:05,102.165.220.144,10.248.69.50,login_success
2025-09-04 08:00:49,153.110.229.202,10.41.128.19,login_success
2025-09-13 10:43:59,222.230.139.179,10.114.88.9,login_success
2025-08-18 00:17:05,214.83.98.61,10.100.88.45,login_success
2025-09-16 05:40:26,114.181.183.110,10.127.165.2,login_success
2025-09-06 14:44:51,212.9.40.249,10.180.103.210,login_success
2025-09-03 07:06:42,189.15.51.25,10.84.141.65,firewall_block
2025-09-03 02:26:18,89.139.79.18,10.41.128.19,login_success
2025-08-27 21:06:17,2.9.12.134,10.100.88.45,login_success
2025-09-12 10:48:37,197.238.12.112,10.247.144.186,login_success
2025-08-24 00:50:11,198.240.3.187,10.5.212.107,login_success
2025-09-05 05:37:06,57.113.92.145,10.175.225.157,login_success
2025-08-30 08:20:10,190.31.80.45,10.114.88.9,login_failure
2025-08-22 04:04:53,49.14.108.160,10.98.221.152,login_success
2025-08-19 22:31:15,75.139.139.135,10.100.88.45,login_success
2025-09-07 20:57:03,90.75.85.176,10.184.252.173,data_exfiltration
2025-08-22 01:22:42,184.109.193.178,10.135.148.253,login_success
2025-08-18 20:48:07,120.119.70.88,10.41.128.19,login_failure
2025-09-09 06:57:53,84.39.199.219,10.140.217.103,multiple_login_failures
2025-09-07 01:16:05,5.13.30.74,10.128.238.241,login_success
2025-09-12 11:01:22,17.160.104.119,10.140.217.103,login_success
2025-09-06 01:23:27,19.15.90.54,10.31.97.222,login_success
2025-09-09 05:57:37,22.166.118.36,10.192.246.255,login_success
2025-09-10 02:02:08,5.13.30.74,10.121.66.40,login_failure
2025-08-19 19:35:20,166.61.150.57,10.36.242.158,login_success
2025-09-11 02:14:00,108.55.118.129,10.128.238.241,login_success
2025-09-15 22:11:40,2.9.12.134,10.29.115.193,login_success
2025-09-11 06:06:14,170.245.134.220,10.233.121.133,login_success
2025-09-08 05:53:36,24.177.218.106,10.180.103.210,login_success
2025-09-10 12:48:26,37.165.84.25,10.195.128.217,login_success
2025-08-28 22:52:09,222.243.232.65,10.58.170.142,login_success
2025-08-21 16:55:45,114.181.183.110,10.203.152.54,login_success
2025-09-16 09:17:33,49.14.108.160,10.58.170.142,login_success
2025-09-03 12:52:15,60.215.13.253,10.73.49.67,firewall_block
2025-08-31 00:49:00,37.165.84.25,10.41.128.19,login_success
2025-08-24 06:07:46,2.9.12.134,10.244.193.86,login_success
2025-08-20 00:58:33,2.9.12.134,10.248.69.50,login_success
2025-08-21 03:34:22,60.215.13.253,10.121.66.40,login_success
2025-09-07 06:35:13,2.231.158.140,10.12.79.172,login_failure
2025-08-27 03:57:29,22.166.118.36,10.192.246.255,login_success
2025-09-13 16:21:41,19.15.90.54,10.100.88.45,login_success
2025-09-05 09:22:55,165.141.227.122,10.203.152.54,login_success
2025-08-26 12:43:32,24.177.218.106,10.247.144.186,login_success
2025-08-28 02:52:33,84.117.200.59,10.175.225.157,login_success
2025-08-23 05:56:12,48.93.150.147,10.203.152.54,login_success
2025-08-28 16:44:04,2.9.12.134,10.247.144.186,login_success
2025-08-23 11:23:25,29.222.75.248,10.5.212.107,firewall_block
2025-08-25 18:56:30,18.39.34.252,10.220.78.158,firewall_block
2025-09-02 16:12:21,138.148.45.217,10.86.137.117,login_success
2025-08-31 03:17:22,20.147.215.226,10.189.136.182,login_success
2025-08-28 02:16:48,190.31.80.45,10.254.41.59,firewall_block
2025-09-10 01:11:20,17.160.104.119,10.126.156.93,login_success
2025-08-28 18:40:44,139.192.89.67,10.175.225.157,login_failure
2025-09-03 17:18:29,215.16.153.80,10.84.141.65,login_success
2025-09-01 00:33:54,2.9.12.134,10.233.184.156,login_success
2025-08-23 17:51:29,17.160.104.119,10.140.217.103,login_success
2025-09-06 04:08:58,22.166.118.36,10.86.137.117,login_success
2025-09-08 02:11:45,184.109.193.178,10.114.88.9,malware_detected
2025-09-03 15:24:48,5.13.30.74,10.114.88.9,firewall_block
2025-08-19 05:19:31,2.26.5.241,10.65.181.78,login_success
2025-09-12 03:21:04,114.181.183.110,10.135.148.253,firewall_block
2025-09-12 03:41:00,58.116.143.183,10.117.118.85,login_success
2025-08-23 20:02:00,160.254.185.11,10.175.225.157,firewall_block
2025-08-23 14:13:49,108.55.118.129,10.135.148.253,login_success
2025-08-22 01:17:22,184.23.13.181,10.131.95.11,login_success
2025-09-04 17:41:23,6.230.67.222,10.24.213.23,login_success
2025-09-06 16:10:59,184.23.13.181,10.209.29.146,login_success
2025-08-24 06:46:01,170.245.134.220,10.131.95.11,login_success
2025-08-25 11:24:22,6.230.67.222,10.121.66.40,login_success
2025-09-07 00:00:53,166.61.150.57,10.180.103.210,login_success
2025-09-09 18:53:22,173.207.55.180,10.24.213.23,login_success
2025-08-24 08:08:28,90.75.85.176,10.24.213.23,firewall_block
2025-08-24 04:16:35,24.177.218.106,10.203.152.54,login_success
2025-08-25 01:45:20,39.172.76.115,10.233.121.133,login_success
2025-09-06 16:49:11,51.137.157.215,10.20.81.30,login_success
2025-09-04 09:25:40,139.192.89.67,10.5.212.107,login_success
2025-09-03 06:48:59,182.179.40.58,10.237.126.123,login_success
2025-08-31 17:38:17,9.43.12.22,10.89.69.224,login_success
2025-08-29 14:22:46,6.230.67.222,10.140.217.103,login_success
2025-09-05 05:36:27,182.179.40.58,10.135.148.253,login_failure
2025-09-13 04:09:07,9.43.12.22,10.254.156.51,login_success
2025-09-05 05:56:58,65.46.153.44,10.248.69.50,login_success
2025-08-29 13:03:36,60.215.13.253,10.233.121.133,login_success
2025-09-01 19:24:11,29.62.68.194,10.20.81.30,firewall_block
2025-09-15 07:33:20,125.166.25.121,10.31.97.222,login_success
2025-09-05 03:37:12,84.117.200.59,10.192.246.255,login_success
2025-08-28 03:54:57,84.117.200.59,10.31.97.222,login_success
2025-08-21 03:36:46,48.60.74.239,10.128.238.241,login_success
2025-09-07 19:41:17,151.44.127.98,10.58.170.142,login_success
2025-09-05 10:40:52,114.181.183.110,10.189.136.182,login_success
2025-09-10 12:53:38,17.160.104.119,10.131.95.11,login_success
2025-09-03 19:55:26,211.115.56.203,10.36.242.158,firewall_block
2025-08-26 23:35:44,160.254.185.11,10.126.156.93,login_success
2025-09-03 05:00:57,37.47.139.16,10.247.144.186,login_success
2025-09-05 01:44:26,131.226.130.177,10.180.103.210,login_success
2025-08-24 15:34:18,189.15.51.25,10.41.128.19,firewall_block
2025-09-11 12:04:12,153.110.229.202,10.135.148.253,firewall_block
2025-09-08 23:03:50,138.148.45.217,10.89.69.224,login_success
2025-09-02 01:55:34,196.161.166.214,10.102.111.205,login_success
,89.140.47.59,10.244.193.86,login_success
2025-08-27 19:38:06,166.61.150.57,10.247.144.186,login_success
2025-08-25 19:06:23,29.222.75.248,10.171.52.38,
2025-09-12 17:23:18,138.148.45.217,10.36.242.158,login_success
2025-08-29 11:43:40,114.9.108.125,10.98.221.152,login_success
2025-09-11 18:41:25,215.16.153.80,10.135.148.253,login_success
2025-09-09 00:39:42,17.160.104.119,10.171.52.38,login_success
2025-09-02 14:11:16,154.112.4.176,10.233.184.156,login_success
2025-08-18 11:53:01,131.226.130.177,10.128.238.241,login_success
2025-09-09 18:15:21,39.172.76.115,10.98.221.152,login_success
2025-08-21 18:44:45,222.230.139.179,10.29.115.193,login_success
2025-08-25 03:45:40,65.46.153.44,10.237.126.123,login_success
2025-08-22 08:36:34,140.231.217.93,10.121.66.40,login_success
2025-09-04 11:05:02,139.192.89.67,10.11.113.86,login_success
2025-08-21 20:39:57,84.117.200.59,10.244.193.86,privilege_escalation
2025-09-14 09:56:51,189.46.210.80,10.203.152.54,login_failure
2025-08-26 09:24:21,151.44.127.98,10.180.103.210,login_success
2025-08-19 21:19:40,87.252.231.125,10.209.29.146,multiple_login_failures
2025-08-26 02:48:00,196.161.166.214,10.73.49.67,login_success
2025-08-24 11:00:19,37.165.84.25,10.84.141.65,firewall_block
2025-09-07 19:22:15,131.226.130.177,10.121.66.40,login_success
2025-08-21 01:41:07,48.93.150.147,10.5.212.107,login_success
2025-08-24 22:41:13,198.240.3.187,10.195.128.217,login_success
2025-09-02 22:27:56,29.62.68.194,10.237.126.123,login_success
2025-08-18 01:02:02,118.106.205.168,10.135.148.253,login_success
2025-08-19 22:34:57,118.106.205.168,10.127.165.2,login_success
2025-09-04 20:14:05,22.3.92.244,10.127.165.2,login_success
2025-08-21 20:14:41,102.165.220.144,10.85.17.64,firewall_block
2025-09-11 15:09:35,138.148.45.217,10.192.246.255,login_success
2025-08-27 14:23:41,170.245.134.220,10.24.213.23,multiple_login_failures
2025-08-17 19:49:09,184.109.193.178,10.189.136.182,login_success
2025-09-12 23:02:39,151.44.127.98,10.189.136.182,login_success
2025-08-22 13:59:57,19.15.90.54,10.73.49.67,login_success
2025-09-03 12:54:03,24.177.218.106,10.209.29.146,login_success
2025-09-12 19:45:27,51.137.157.215,10.58.170.142,login_success
2025-08-27 00:06:26,156.137.171.201,10.192.246.255,login_success
2025-09-05 08:53:56,125.166.25.121,10.131.95.11,login_success
2025-08-24 23:59:19,89.139.79.18,10.36.242.158,login_success
2025-09-02 04:12:44,152.128.231.29,10.128.238.241,login_success
2025-08-28 17:29:17,58.116.143.183,10.244.193.86,login_success
2025-08-24 11:04:01,208.67.245.11,10.237.126.123,login_success
2025-09-12 12:56:20,29.62.68.194,10.86.137.117,login_success
2025-09-07 00:16:22,118.106.205.168,10.29.115.193,login_success
2025-08-26 02:55:39,60.215.13.253,10.5.212.107,login_success
2025-09-10 04:50:43,37.165.84.25,10.36.242.158,login_success
2025-09-01 02:30:31,173.207.55.180,10.86.137.117,login_success
2025-08-27 11:46:06,20.147.215.226,10.127.165.2,login_success
2025-09-06 00:40:46,48.60.74.239,10.140.217.103,login_success
2025-09-09 01:12:48,165.141.227.122,10.189.136.182,login_success
2025-09-09 20:14:33,65.46.153.44,10.244.193.86,firewall_block
2025-09-06 17:15:11,19.15.90.54,10.41.128.19,login_success
2025-09-11 03:15:19,84.39.199.219,10.36.242.158,login_success
2025-08-28 18:19:32,198.240.3.187,10.121.66.40,login_success
2025-09-09 12:43:54,133.11.220.79,10.203.152.54,login_success
2025-08-29 16:16:15,102.165.220.144,10.247.144.186,login_success
2025-09-06 02:50:30,14.17.32.102,10.189.136.182,login_success
2025-08-28 14:43:22,214.83.98.61,10.140.217.103,login_success
2025-09-09 09:41:46,22.166.118.36,10.254.156.51,login_success
2025-08-26 19:55:07,57.113.92.145,10.36.242.158,login_success
2025-08-20 12:37:43,6.230.67.222,10.114.88.9,login_success
2025-09-07 22:02:43,153.110.229.202,10.58.170.142,login_success
2025-08-21 10:27:46,208.67.245.11,10.237.126.123,login_failure
2025-08-19 03:04:51,182.179.40.58,10.248.69.50,firewall_block
2025-09-05 23:33:47,75.139.139.135,10.85.17.64,login_success
2025-08-29 07:38:50,197.238.12.112,10.209.29.146,login_success
2025-09-04 12:09:40,118.106.205.168,10.171.52.38,login_failure
2025-08-24 07:04:09,2.26.5.241,10.209.29.146,login_success
2025-09-06 01:06:52,160.254.185.11,10.237.126.123,login_success
2025-08-31 18:51:07,90.75.85.176,10.5.212.107,login_success
2025-08-29 09:47:15,89.139.79.18,10.237.126.123,login_success
2025-08-29 20:08:19,24.177.218.106,10.73.49.67,login_success
2025-08-26 12:23:28,51.137.157.215,10.127.165.2,privilege_escalation
2025-09-14 12:53:26,48.93.150.147,10.20.81.30,multiple_login_failures
2025-09-03 00:24:02,48.93.150.147,10.32.71.160,
2025-09-13 12:52:30,84.117.200.59,10.135.148.253,login_success
2025-08-31 08:12:23,208.67.245.11,10.117.118.85,firewall_block
2025-08-24 11:27:17,84.39.199.219,10.248.69.50,firewall_block
2025-09-12 16:53:07,184.23.13.181,10.220.78.158,login_success
2025-08-25 22:19:39,114.9.108.125,10.35.35.27,login_success
